S,EMP1001,Liliana Ramírez López,1998-04-07,Calle Ortiz #251,liliana.1@gfs.mx,5539958838,18372.28,Técnico,Calidad,2021-08-12,Sábado,CROM
S,EMP1002,Sergio García López,1969-03-16,Calle Vargas #239,sergio.2@gfs.mx,5577827638,46121.12,Gestor,Producción,2021-01-22,Domingo,SUTERM
S,EMP1003,Mariana Delgado Ortiz,1965-04-17,Calle Soto #826,mariana.3@gfs.mx,5531429110,51888.36,Especialista,Logística,2008-06-27,Sábado,SNTSS
S,EMP1004,Jorge Sánchez González,1982-01-16,Calle Sánchez #368,jorge.4@gfs.mx,5556164955,46223.56,Contador,Recursos Humanos,2021-05-14,Domingo,CROM
S,EMP1005,Eduardo Vega González,1989-10-06,Calle Castillo #850,eduardo.5@gfs.mx,5594374605,47111.19,Auditor,Administración,2017-12-13,Sábado,STRM
S,EMP1006,Patricia García Lara,1975-03-23,Calle Ibarra #297,patricia.6@gfs.mx,5520709497,61319.06,Auditor,Sistemas,2013-07-11,Domingo,CROC
S,EMP1007,Liliana Aguilar Rivera,1981-08-10,Calle Medina #215,liliana.7@gfs.mx,5599949389,26018.67,Representante,Calidad,2019-07-15,Sábado,CROM
S,EMP1008,Liliana Rivera Guerrero,1997-09-16,Calle Cruz #168,liliana.8@gfs.mx,5572043515,32767.33,Representante,Calidad,2020-06-08,Sábado,STRM
S,EMP1009,Fernanda Ibarra Ibarra,1967-07-06,Calle Reyes #842,fernanda.9@gfs.mx,5514308421,58302.75,Supervisor,Logística,2006-06-27,Sábado,CROM
S,EMP1010,Salvador Ramos Vargas,1994-05-27,Calle Ruiz #406,salvador.10@gfs.mx,5596282117,37531.11,Operador,Contabilidad,2010-07-14,Domingo,STRM
S,EMP1011,Ignacio Núñez Delgado,1982-12-01,Calle Aguilar #225,ignacio.11@gfs.mx,5528566572,40571.58,Técnico,Recursos Humanos,2024-04-25,Sábado,SUTERM
S,EMP1012,Liliana Rivera Mora,1983-12-09,Calle Mejía #66,liliana.12@gfs.mx,5561642594,32897.16,Asistente,Operaciones,2010-08-22,Sábado,STRM
S,EMP1013,Irene Ramírez Mora,1989-02-01,Calle Soto #274,irene.13@gfs.mx,5596028436,30410.53,Operador,Marketing,2008-07-19,Domingo,STIDC
S,EMP1014,Irene Figueroa Mendoza,1987-06-16,Calle Soto #183,irene.14@gfs.mx,5578139880,64757.67,Auditor,Calidad,2011-09-11,Sábado,SUTERM
S,EMP1015,Raúl Soto Rivera,1989-03-13,Calle Ibarra #945,raúl.15@gfs.mx,5581182864,65109.61,Consultor,Administración,2015-12-17,Sábado,STIDC
S,EMP1016,Raúl Gutiérrez Cruz,1967-08-08,Calle Cruz #900,raúl.16@gfs.mx,5586149359,66816.97,Técnico,Soporte Técnico,2015-11-26,Sábado,SNTSS
S,EMP1017,Silvia Ibarra Torres,1970-10-05,Calle Lara #487,silvia.17@gfs.mx,5583793389,19907.62,Gestor,Ventas,2014-06-29,Sábado,CROM
S,EMP1018,Alicia Figueroa Palacios,1974-01-09,Calle Salinas #320,alicia.18@gfs.mx,5563551839,69708.96,Desarrollador,Administración,2014-10-29,Domingo,STIDC
S,EMP1019,Héctor Reyes Rodríguez,1980-03-02,Calle López #603,héctor.19@gfs.mx,5584346088,23806.88,Coordinador,Recursos Humanos,2006-08-05,Sábado,SUTERM
S,EMP1020,Patricia García Herrera,1968-03-06,Calle Romero #244,patricia.20@gfs.mx,5547376585,50138.67,Coordinador,Operaciones,2007-12-20,Domingo,SUTERM
S,EMP1021,Esperanza Rojas Jiménez,1969-03-26,Calle Sánchez #675,esperanza.21@gfs.mx,5567854710,31257.85,Supervisor,Finanzas,2024-05-17,Sábado,STRM
S,EMP1022,Ernesto Ríos Sánchez,1967-09-21,Calle Chavez #746,ernesto.22@gfs.mx,5555540424,58035.55,Técnico,Producción,2009-04-19,Sábado,CROM
S,EMP1023,Mariana Torres Núñez,1973-03-26,Calle Ortiz #474,mariana.23@gfs.mx,5543528453,62469.16,Técnico,Finanzas,2023-02-15,Sábado,STIDC
S,EMP1024,Ernesto Guerrero Pérez,1969-03-09,Calle Soto #870,ernesto.24@gfs.mx,5541726318,19978.67,Asistente,Finanzas,2009-10-18,Domingo,STIDC
S,EMP1025,Valeria Vega Pérez,1982-07-07,Calle Mendoza #949,valeria.25@gfs.mx,5571070189,27114.95,Diseñador,Soporte Técnico,2022-07-28,Domingo,SUTERM
S,EMP1026,Karla Castillo Vargas,1967-08-17,Calle Delgado #754,karla.26@gfs.mx,5582772208,13657.45,Especialista,Recursos Humanos,2006-02-15,Domingo,CROM
S,EMP1027,Enrique Rivera Martínez,1987-10-13,Calle González #872,enrique.27@gfs.mx,5534941004,14111.28,Técnico,Calidad,2024-05-01,Sábado,CROC
S,EMP1028,Eduardo Espinoza Cruz,1990-12-21,Calle Mejía #41,eduardo.28@gfs.mx,5593131979,14919.0,Desarrollador,Ventas,2017-09-05,Domingo,CTM
S,EMP1029,Andrés Lara Salinas,1979-02-04,Calle Cruz #272,andrés.29@gfs.mx,5563121477,17852.7,Desarrollador,Logística,2015-04-04,Domingo,SNTSS
S,EMP1030,Patricia Pérez Muñoz,1992-11-12,Calle Espinoza #103,patricia.30@gfs.mx,5519832887,42258.06,Gestor,Logística,2007-12-22,Domingo,STIDC
S,EMP1031,Héctor Aguilar Castillo,1972-01-29,Calle Díaz #854,héctor.31@gfs.mx,5582909480,52212.4,Consultor,Calidad,2016-11-12,Sábado,STRM
S,EMP1032,Daniel Gutiérrez Lara,1969-08-25,Calle Torres #271,daniel.32@gfs.mx,5525492573,63382.76,Diseñador,Operaciones,2008-06-27,Domingo,CTM
S,EMP1033,Berenice Vargas Salinas,1980-05-19,Calle Vargas #704,berenice.33@gfs.mx,5595125977,61174.77,Gestor,Finanzas,2010-08-20,Sábado,STIDC
S,EMP1034,Liliana Núñez Ortiz,1966-12-24,Calle Pérez #342,liliana.34@gfs.mx,5527558317,48226.8,Operador,Contabilidad,2021-08-17,Domingo,CROM
S,EMP1035,Salvador Núñez Campos,1965-06-08,Calle Ramírez #78,salvador.35@gfs.mx,5530005727,42735.42,Auditor,Administración,2018-01-24,Sábado,CROC
S,EMP1036,Diana García Gutiérrez,1981-05-11,Calle García #921,diana.36@gfs.mx,5558024342,22604.59,Coordinador,Calidad,2007-04-23,Domingo,SNTSS
S,EMP1037,Daniel Rojas Santiago,1998-08-15,Calle Flores #948,daniel.37@gfs.mx,5541774346,61876.34,Contador,Contabilidad,2024-10-08,Domingo,STIDC
S,EMP1038,Javier Cervantes Herrera,2000-02-05,Calle Rojas #822,javier.38@gfs.mx,5599913412,61843.84,Contador,Producción,2010-12-26,Sábado,SNTSS
S,EMP1039,Ángela Sánchez Vega,1966-09-27,Calle Alvarez #228,ángela.39@gfs.mx,5536786211,58995.2,Asistente,Administración,2011-11-06,Sábado,SUTERM
S,EMP1040,Carlos Lara Jiménez,1982-11-16,Calle Herrera #286,carlos.40@gfs.mx,5519317495,68013.35,Operador,Administración,2019-05-23,Domingo,STRM
S,EMP1041,Silvia Herrera López,1970-03-05,Calle Mendoza #183,silvia.41@gfs.mx,5587925434,67752.06,Operador,Recursos Humanos,2007-06-08,Domingo,CTM
S,EMP1042,Irene Ramos Núñez,1992-03-12,Calle Romero #119,irene.42@gfs.mx,5561700055,63970.28,Coordinador,Logística,2005-12-30,Domingo,STIDC
S,EMP1043,Enrique Guerrero Mora,1997-04-10,Calle Cervantes #755,enrique.43@gfs.mx,5536445607,31853.29,Técnico,Calidad,2012-05-28,Domingo,STRM
S,EMP1044,Eduardo Figueroa Gutiérrez,1987-10-01,Calle Gutiérrez #683,eduardo.44@gfs.mx,5564813568,29570.97,Diseñador,Logística,2017-06-08,Sábado,SUTERM
S,EMP1045,Verónica Lara Vega,1995-05-21,Calle Cervantes #925,verónica.45@gfs.mx,5533357554,46930.89,Operador,Marketing,2017-04-16,Sábado,CTM
S,EMP1046,Gabriela Vargas Núñez,2000-03-31,Calle Delgado #622,gabriela.46@gfs.mx,5597873101,29334.95,Asistente,Finanzas,2020-02-26,Sábado,CROM
S,EMP1047,Esperanza Cervantes Rivera,1994-07-22,Calle González #291,esperanza.47@gfs.mx,5579182797,49831.23,Consultor,Administración,2007-02-05,Sábado,STRM
S,EMP1048,Alejandro Reyes Jiménez,1971-08-12,Calle López #48,alejandro.48@gfs.mx,5542862209,69036.16,Consultor,Sistemas,2015-03-20,Domingo,STRM
S,EMP1049,Yolanda Jiménez Salinas,1996-03-28,Calle Vega #507,yolanda.49@gfs.mx,5563640499,24639.07,Desarrollador,Soporte Técnico,2005-02-15,Sábado,SNTSS
S,EMP1050,Sergio Reyes Morales,1996-03-20,Calle Contreras #476,sergio.50@gfs.mx,5516740197,43444.35,Representante,Sistemas,2015-03-29,Sábado,SNTSS
S,EMP1051,Pablo Lara Contreras,1990-01-27,Calle Mejía #325,pablo.51@gfs.mx,5569401199,46759.14,Diseñador,Operaciones,2014-07-28,Domingo,SUTERM
S,EMP1052,Gerardo Alvarez Díaz,1976-08-17,Calle Soto #254,gerardo.52@gfs.mx,5595585469,26638.68,Contador,Operaciones,2015-11-14,Sábado,CTM
S,EMP1053,Mariana Rodríguez Salinas,1977-10-26,Calle Cruz #279,mariana.53@gfs.mx,5555076693,29182.57,Gestor,Sistemas,2008-02-08,Sábado,SUTERM
S,EMP1054,Leticia Palacios Flores,1996-09-08,Calle Vargas #66,leticia.54@gfs.mx,5565682626,34455.96,Gestor,Finanzas,2014-04-30,Sábado,SUTERM
S,EMP1055,Verónica Vega Ibarra,1991-03-15,Calle Palacios #21,verónica.55@gfs.mx,5587267850,32822.86,Analista,Administración,2011-09-13,Domingo,SNTSS
S,EMP1056,Verónica Guerrero Cervantes,1997-12-15,Calle Guerrero #820,verónica.56@gfs.mx,5590967191,63868.68,Asistente,Producción,2011-02-14,Domingo,CROC
S,EMP1057,Carlos Vega Herrera,1995-01-02,Calle Mora #818,carlos.57@gfs.mx,5564266464,53450.88,Auditor,Finanzas,2007-11-12,Sábado,CROC
S,EMP1058,Ignacio Espinoza Lara,1966-03-21,Calle González #659,ignacio.58@gfs.mx,5567527432,18141.97,Asistente,Contabilidad,2006-02-16,Domingo,CROC
S,EMP1059,Fernanda Vargas Muñoz,1979-08-31,Calle Herrera #780,fernanda.59@gfs.mx,5560885459,26695.4,Auditor,Marketing,2010-08-29,Sábado,CROC
S,EMP1060,Carlos Cervantes Guerrero,1967-05-04,Calle Medina #230,carlos.60@gfs.mx,5597260863,14117.1,Desarrollador,Recursos Humanos,2021-12-01,Sábado,SUTERM
S,EMP1061,Karla López Santiago,1971-11-02,Calle Cruz #130,karla.61@gfs.mx,5573560289,50167.53,Consultor,Producción,2015-06-07,Domingo,SNTSS
S,EMP1062,Raúl Rivera Mejía,1992-03-29,Calle Cervantes #736,raúl.62@gfs.mx,5525372341,56667.51,Auxiliar,Logística,2007-06-05,Sábado,CTM
S,EMP1063,Yolanda Mora Vega,1982-10-17,Calle Salinas #204,yolanda.63@gfs.mx,5520200074,45525.87,Auditor,Calidad,2010-06-13,Sábado,STRM
S,EMP1064,Hugo Gutiérrez Mora,1991-12-08,Calle Ramírez #816,hugo.64@gfs.mx,5585958181,56958.12,Especialista,Operaciones,2014-08-11,Domingo,STIDC
S,EMP1065,Adriana Ríos Herrera,1965-07-27,Calle Rojas #843,adriana.65@gfs.mx,5575793759,16332.33,Especialista,Calidad,2024-12-30,Domingo,STRM
S,EMP1066,Fernando Núñez Morales,1997-12-01,Calle Contreras #989,fernando.66@gfs.mx,5597302916,26204.94,Contador,Operaciones,2022-05-17,Domingo,CROC
S,EMP1067,Sergio Figueroa Delgado,1977-01-15,Calle Ramos #873,sergio.67@gfs.mx,5542949803,59843.86,Técnico,Logística,2024-10-10,Domingo,SUTERM
S,EMP1068,Alicia Muñoz Espinoza,1992-05-18,Calle Lara #389,alicia.68@gfs.mx,5555150390,11722.0,Auditor,Administración,2009-01-29,Domingo,SUTERM
S,EMP1069,Claudia Mendoza Herrera,1977-07-18,Calle Mejía #719,claudia.69@gfs.mx,5547080140,43347.46,Gestor,Producción,2006-12-03,Sábado,STRM
S,EMP1070,Verónica Ruiz Campos,1999-01-04,Calle Cruz #708,verónica.70@gfs.mx,5573900135,48754.17,Asistente,Finanzas,2022-10-14,Sábado,STIDC
S,EMP1071,Gabriela Reyes Chavez,1996-01-13,Calle Cruz #314,gabriela.71@gfs.mx,5599115205,44893.34,Asistente,Operaciones,2016-11-28,Domingo,CROC
S,EMP1072,Gerardo Campos Herrera,1980-10-13,Calle Palacios #465,gerardo.72@gfs.mx,5546361787,28397.38,Coordinador,Sistemas,2021-03-06,Sábado,CTM
S,EMP1073,Eduardo Cervantes Guerrero,1999-03-11,Calle Palacios #190,eduardo.73@gfs.mx,5535708194,22983.08,Asistente,Logística,2021-04-02,Domingo,STIDC
S,EMP1074,Karla Castillo Reyes,1981-03-10,Calle Morales #310,karla.74@gfs.mx,5511898961,52481.11,Auxiliar,Logística,2006-01-08,Sábado,CROM
S,EMP1075,Gabriela Palacios Torres,1993-08-12,Calle Soto #503,gabriela.75@gfs.mx,5523769080,62363.18,Consultor,Logística,2015-07-13,Domingo,CROC
S,EMP1076,Jorge Morales Martínez,1976-04-29,Calle Alvarez #117,jorge.76@gfs.mx,5518770247,34042.45,Técnico,Ventas,2019-02-13,Sábado,SUTERM
S,EMP1077,Fernando Espinoza Gutiérrez,1968-10-27,Calle Cruz #122,fernando.77@gfs.mx,5584903294,55866.61,Consultor,Ventas,2022-09-26,Sábado,SNTSS
S,EMP1078,Enrique Vega Díaz,1984-11-10,Calle Gutiérrez #881,enrique.78@gfs.mx,5588990506,69401.88,Operador,Ventas,2018-12-06,Sábado,CROM
S,EMP1079,Gerardo Sánchez Soto,1974-04-28,Calle Fuentes #217,gerardo.79@gfs.mx,5545520201,49625.69,Auxiliar,Producción,2008-11-24,Sábado,SUTERM
S,EMP1080,Ana Rojas Díaz,1995-12-04,Calle Mejía #482,ana.80@gfs.mx,5549092160,11958.39,Operador,Soporte Técnico,2011-05-06,Domingo,STIDC
S,EMP1081,Víctor Reyes Mendoza,2000-05-04,Calle Fuentes #604,víctor.81@gfs.mx,5598742485,58234.34,Coordinador,Marketing,2007-07-30,Sábado,STRM
S,EMP1082,Fernando Ortiz Flores,1968-03-15,Calle Martínez #170,fernando.82@gfs.mx,5551286958,45702.64,Auditor,Ventas,2011-06-23,Domingo,STIDC
S,EMP1083,Pablo Palacios Gutiérrez,1996-05-22,Calle Chavez #966,pablo.83@gfs.mx,5546540265,40028.33,Asistente,Finanzas,2006-10-21,Sábado,CROC
S,EMP1084,Gerardo Ramos Mejía,1976-03-26,Calle López #94,gerardo.84@gfs.mx,5540725714,67714.67,Auditor,Ventas,2018-03-03,Sábado,SNTSS
S,EMP1085,Víctor Ortiz Espinoza,1966-10-22,Calle Soto #775,víctor.85@gfs.mx,5533513701,38230.05,Desarrollador,Finanzas,2011-03-29,Sábado,CROM
S,EMP1086,Sergio Fuentes Ruiz,1969-02-03,Calle Alvarez #357,sergio.86@gfs.mx,5564807553,29998.5,Desarrollador,Sistemas,2024-03-28,Sábado,CTM
S,EMP1087,Verónica Palacios Ruiz,1977-12-06,Calle Lara #968,verónica.87@gfs.mx,5563747791,58813.96,Gestor,Recursos Humanos,2015-03-15,Sábado,CTM
S,EMP1088,Mónica Ramos Ramírez,1999-08-28,Calle Chavez #886,mónica.88@gfs.mx,5579067939,59495.63,Analista,Calidad,2024-07-01,Domingo,CROC
S,EMP1089,Roberto Jiménez Contreras,1981-03-25,Calle Santiago #775,roberto.89@gfs.mx,5576906611,47524.52,Contador,Recursos Humanos,2009-07-26,Domingo,CROM
S,EMP1090,Diana Castillo Díaz,1996-04-28,Calle Ruiz #125,diana.90@gfs.mx,5513874790,68388.81,Consultor,Producción,2020-12-02,Sábado,CTM
S,EMP1091,Daniel Pérez Campos,1983-04-21,Calle González #231,daniel.91@gfs.mx,5525228493,37686.87,Técnico,Calidad,2023-08-31,Sábado,CROC
S,EMP1092,Salvador Castillo Romero,1996-08-23,Calle Ortiz #426,salvador.92@gfs.mx,5574759996,68814.68,Coordinador,Finanzas,2017-05-13,Sábado,CROC
S,EMP1093,Karla Mejía Romero,1998-06-24,Calle Torres #885,karla.93@gfs.mx,5519369750,26574.84,Contador,Marketing,2012-08-16,Domingo,SNTSS
S,EMP1094,Ana Castillo Figueroa,1978-05-24,Calle Delgado #594,ana.94@gfs.mx,5598575748,39378.42,Auxiliar,Finanzas,2017-01-30,Domingo,CTM
S,EMP1095,Jorge Campos Soto,1989-05-18,Calle Vega #467,jorge.95@gfs.mx,5553188224,62176.1,Diseñador,Producción,2017-10-29,Domingo,SUTERM
S,EMP1096,Hugo Rojas García,1979-04-11,Calle Cervantes #485,hugo.96@gfs.mx,5561167978,33164.73,Desarrollador,Calidad,2008-05-31,Domingo,STIDC
S,EMP1097,Diana Romero Delgado,1979-11-23,Calle Sánchez #896,diana.97@gfs.mx,5569096899,15982.7,Representante,Finanzas,2005-05-06,Sábado,CROC
S,EMP1098,Ernesto Flores Rodríguez,1986-01-23,Calle Mendoza #347,ernesto.98@gfs.mx,5593652460,51562.28,Desarrollador,Sistemas,2024-02-08,Domingo,SNTSS
S,EMP1099,Víctor Guerrero Vega,1979-03-17,Calle Fuentes #736,víctor.99@gfs.mx,5575491202,62342.98,Analista,Ventas,2006-07-15,Sábado,STRM
S,EMP1100,Víctor Castillo Reyes,1998-07-02,Calle González #445,víctor.100@gfs.mx,5523212812,55622.18,Diseñador,Sistemas,2014-12-14,Sábado,STRM
S,EMP1101,Alejandro López García,1979-07-21,Calle Martínez #301,alejandro.101@gfs.mx,5558112135,32490.47,Auxiliar,Producción,2016-11-30,Domingo,CROM
S,EMP1102,Víctor Morales Rivera,1972-11-08,Calle González #625,víctor.102@gfs.mx,5561344226,47182.62,Coordinador,Finanzas,2018-01-30,Sábado,SUTERM
S,EMP1103,Pablo Fuentes Mendoza,1985-08-13,Calle Mendoza #683,pablo.103@gfs.mx,5511261301,63934.51,Asistente,Logística,2020-03-13,Sábado,STIDC
S,EMP1104,Mariana Medina Delgado,1978-06-03,Calle Fuentes #986,mariana.104@gfs.mx,5566949781,51418.81,Asistente,Logística,2009-06-20,Domingo,SNTSS
S,EMP1105,Esperanza Sánchez Cruz,1982-02-09,Calle Espinoza #368,esperanza.105@gfs.mx,5587149951,27752.34,Diseñador,Logística,2005-06-29,Domingo,CTM
S,EMP1106,Ana Espinoza Mora,1999-11-30,Calle Cervantes #997,ana.106@gfs.mx,5516582607,64637.02,Diseñador,Finanzas,2023-09-06,Domingo,SNTSS
S,EMP1107,Sofía Mejía Medina,1974-10-29,Calle Fuentes #195,sofía.107@gfs.mx,5593334601,25037.61,Contador,Soporte Técnico,2022-03-20,Sábado,STRM
S,EMP1108,Sandra Fuentes Ríos,1966-10-08,Calle Gutiérrez #808,sandra.108@gfs.mx,5569166287,12001.87,Especialista,Soporte Técnico,2007-12-13,Sábado,CTM
S,EMP1109,Fernanda Cervantes Rojas,1972-11-17,Calle Jiménez #136,fernanda.109@gfs.mx,5582398083,62587.64,Especialista,Operaciones,2016-04-03,Domingo,SNTSS
S,EMP1110,Valeria Mendoza Alvarez,1978-03-29,Calle Cervantes #892,valeria.110@gfs.mx,5555461591,58253.95,Asistente,Sistemas,2008-02-28,Sábado,SNTSS
S,EMP1111,Víctor Figueroa Mora,1982-10-30,Calle Campos #375,víctor.111@gfs.mx,5522120246,57440.92,Analista,Logística,2017-01-13,Sábado,CROC
S,EMP1112,Raúl Mora Cervantes,1995-02-28,Calle Mendoza #599,raúl.112@gfs.mx,5561140376,59345.04,Especialista,Sistemas,2020-02-20,Sábado,CROC
S,EMP1113,Carlos Santiago Campos,1979-09-19,Calle Santiago #227,carlos.113@gfs.mx,5596926431,13793.02,Auditor,Finanzas,2020-09-22,Domingo,STRM
S,EMP1114,Verónica Ramírez Torres,1967-01-13,Calle García #312,verónica.114@gfs.mx,5576118957,16967.23,Coordinador,Operaciones,2008-01-17,Domingo,CROC
S,EMP1115,Raúl Lara Cervantes,1996-03-30,Calle Guerrero #430,raúl.115@gfs.mx,5588831486,54536.14,Auxiliar,Marketing,2019-09-10,Sábado,SNTSS
S,EMP1116,Gustavo Santiago Rojas,1977-07-20,Calle García #707,gustavo.116@gfs.mx,5559731689,23036.18,Asistente,Producción,2024-03-09,Domingo,STIDC
S,EMP1117,Víctor Aguilar Guerrero,1993-12-04,Calle Medina #63,víctor.117@gfs.mx,5563437398,26552.89,Técnico,Finanzas,2007-01-21,Sábado,STRM
S,EMP1118,Liliana Mejía López,1967-04-09,Calle Herrera #250,liliana.118@gfs.mx,5526901217,57218.69,Coordinador,Sistemas,2023-08-12,Sábado,CROM
S,EMP1119,Andrés Reyes Herrera,1999-09-27,Calle Flores #808,andrés.119@gfs.mx,5589991301,10170.13,Auditor,Contabilidad,2007-12-01,Domingo,SNTSS
S,EMP1120,Javier Ramírez Lara,1966-02-27,Calle Torres #16,javier.120@gfs.mx,5558082464,57399.08,Coordinador,Ventas,2012-04-06,Sábado,SUTERM
S,EMP1121,Mónica Martínez Torres,1998-04-10,Calle Rojas #539,mónica.121@gfs.mx,5525253751,54739.92,Asistente,Finanzas,2022-06-14,Domingo,CROM
S,EMP1122,Ignacio Sánchez Díaz,1987-08-08,Calle Reyes #969,ignacio.122@gfs.mx,5592558242,12601.9,Contador,Calidad,2016-09-11,Domingo,CROC
S,EMP1123,Ernesto López Martínez,1986-06-27,Calle Chavez #437,ernesto.123@gfs.mx,5524490391,39416.13,Representante,Finanzas,2006-08-26,Sábado,CTM
S,EMP1124,Berenice Flores Rodríguez,1970-08-30,Calle Ortiz #640,berenice.124@gfs.mx,5594970119,45121.88,Diseñador,Administración,2013-07-18,Domingo,CROC
S,EMP1125,Adriana Mejía Núñez,1969-06-13,Calle Palacios #118,adriana.125@gfs.mx,5597874085,49055.0,Contador,Operaciones,2021-03-03,Sábado,CROC
S,EMP1126,Mariana Reyes Rojas,1980-03-16,Calle Muñoz #409,mariana.126@gfs.mx,5565833185,53776.75,Especialista,Marketing,2012-01-05,Domingo,CTM
S,EMP1127,Fernando Mora Alvarez,1968-01-05,Calle González #852,fernando.127@gfs.mx,5521457410,15593.81,Técnico,Soporte Técnico,2021-07-28,Domingo,SNTSS
S,EMP1128,Diana Campos Martínez,1991-04-23,Calle Campos #576,diana.128@gfs.mx,5554244334,50200.8,Supervisor,Administración,2024-08-05,Domingo,SNTSS
S,EMP1129,Irene Martínez Castillo,1991-12-08,Calle Gutiérrez #361,irene.129@gfs.mx,5523905032,44675.11,Coordinador,Contabilidad,2019-09-24,Domingo,SUTERM
S,EMP1130,Sandra Medina Campos,1981-06-28,Calle Ramírez #781,sandra.130@gfs.mx,5547388792,44446.0,Contador,Marketing,2023-12-16,Sábado,CROM
S,EMP1131,Norma Palacios Ortiz,1966-04-20,Calle Morales #280,norma.131@gfs.mx,5551471222,65292.25,Especialista,Recursos Humanos,2009-01-26,Sábado,CROM
S,EMP1132,Norma Chavez Rodríguez,1971-05-14,Calle Cervantes #649,norma.132@gfs.mx,5514114726,15505.46,Gestor,Producción,2013-06-09,Domingo,CROC
S,EMP1133,Jorge Rivera Aguilar,1978-12-24,Calle Figueroa #333,jorge.133@gfs.mx,5586181117,45773.43,Representante,Recursos Humanos,2008-06-28,Sábado,SNTSS
S,EMP1134,Alfredo Martínez Mora,1968-08-29,Calle Ortiz #454,alfredo.134@gfs.mx,5598843907,35440.89,Consultor,Finanzas,2014-04-16,Domingo,SUTERM
S,EMP1135,Alicia Romero Ramírez,1980-06-26,Calle Núñez #114,alicia.135@gfs.mx,5548016697,50693.07,Consultor,Finanzas,2016-10-26,Domingo,STIDC
S,EMP1136,Sofía Chavez Mejía,1967-06-17,Calle Pérez #210,sofía.136@gfs.mx,5550455821,66719.45,Contador,Contabilidad,2022-02-21,Domingo,CTM
S,EMP1137,Fernanda Ramírez Pérez,1987-04-25,Calle Cervantes #441,fernanda.137@gfs.mx,5533581357,17751.14,Gestor,Soporte Técnico,2010-03-01,Domingo,STIDC
S,EMP1138,Arturo Cervantes García,1984-07-27,Calle López #471,arturo.138@gfs.mx,5520450542,61726.6,Consultor,Marketing,2017-11-11,Domingo,STRM
S,EMP1139,Liliana Rojas Castillo,1970-03-03,Calle Chavez #22,liliana.139@gfs.mx,5553589647,20312.39,Consultor,Finanzas,2023-08-30,Domingo,STIDC
S,EMP1140,Sergio Sánchez Cruz,1984-07-18,Calle Delgado #411,sergio.140@gfs.mx,5580325062,14718.83,Auditor,Logística,2021-09-23,Domingo,SUTERM
S,EMP1141,Jorge Ibarra Rivera,1968-06-05,Calle Romero #649,jorge.141@gfs.mx,5525304396,41836.29,Coordinador,Administración,2012-11-16,Sábado,SUTERM
S,EMP1142,Sandra Flores Mendoza,1973-11-07,Calle Morales #617,sandra.142@gfs.mx,5530517835,55612.92,Desarrollador,Sistemas,2008-12-22,Domingo,CROC
S,EMP1143,Alicia Espinoza Soto,1990-12-30,Calle Díaz #698,alicia.143@gfs.mx,5585764804,48579.51,Consultor,Administración,2024-05-20,Domingo,SUTERM
S,EMP1144,Mariana Rodríguez Alvarez,1984-11-02,Calle Fuentes #311,mariana.144@gfs.mx,5546866075,45485.19,Especialista,Operaciones,2006-08-31,Domingo,CROC
S,EMP1145,Mariana García Martínez,1981-07-17,Calle Castillo #79,mariana.145@gfs.mx,5596525668,61855.0,Auditor,Sistemas,2018-10-18,Domingo,CROC
S,EMP1146,Ignacio Campos Cervantes,1966-11-04,Calle Díaz #931,ignacio.146@gfs.mx,5586726461,49110.25,Especialista,Ventas,2015-09-02,Sábado,STIDC
S,EMP1147,Mariana Sánchez Herrera,1997-01-16,Calle González #517,mariana.147@gfs.mx,5596721710,20353.53,Coordinador,Soporte Técnico,2014-10-27,Domingo,CROM
S,EMP1148,Enrique Santiago Rivera,1981-04-29,Calle Aguilar #940,enrique.148@gfs.mx,5547969333,33244.99,Contador,Administración,2020-03-24,Sábado,SNTSS
S,EMP1149,Liliana Ríos Herrera,1967-12-16,Calle Herrera #97,liliana.149@gfs.mx,5584888554,50702.76,Operador,Logística,2021-03-26,Sábado,CTM
S,EMP1150,Miguel Delgado Lara,1971-05-07,Calle Medina #318,miguel.150@gfs.mx,5598054173,51908.8,Supervisor,Contabilidad,2018-05-07,Sábado,CTM
S,EMP1151,Daniel Vega Ríos,2000-07-06,Calle Herrera #833,daniel.151@gfs.mx,5527152188,50206.98,Auditor,Soporte Técnico,2020-05-16,Sábado,STRM
S,EMP1152,Norma Núñez Romero,1981-03-26,Calle López #372,norma.152@gfs.mx,5551455302,20815.78,Coordinador,Administración,2022-03-09,Domingo,SUTERM
S,EMP1153,Sofía Torres Flores,1968-06-18,Calle Castillo #865,sofía.153@gfs.mx,5523574883,40461.38,Gestor,Soporte Técnico,2024-10-27,Sábado,STRM
S,EMP1154,Jorge Ibarra Santiago,1970-11-18,Calle Mejía #386,jorge.154@gfs.mx,5530703455,19734.83,Auditor,Soporte Técnico,2022-04-18,Sábado,STRM
S,EMP1155,Mariana García Rojas,1981-05-05,Calle Mora #737,mariana.155@gfs.mx,5541880763,68175.32,Consultor,Logística,2021-11-16,Domingo,SUTERM
S,EMP1156,Silvia Cruz Gutiérrez,2000-03-09,Calle Alvarez #926,silvia.156@gfs.mx,5536040410,32070.46,Consultor,Finanzas,2015-05-11,Domingo,SNTSS
S,EMP1157,Leticia Romero Contreras,1983-10-13,Calle Rivera #837,leticia.157@gfs.mx,5536802975,58075.55,Auxiliar,Logística,2006-03-04,Domingo,SNTSS
S,EMP1158,Raúl Campos Sánchez,1996-11-29,Calle Contreras #872,raúl.158@gfs.mx,5526733967,27103.78,Contador,Contabilidad,2011-02-13,Domingo,CROM
S,EMP1159,Fernando Núñez González,1974-12-17,Calle Díaz #906,fernando.159@gfs.mx,5556920514,65828.32,Supervisor,Recursos Humanos,2013-11-22,Domingo,SUTERM
S,EMP1160,Leticia González Aguilar,1975-01-27,Calle López #327,leticia.160@gfs.mx,5523298711,60350.58,Desarrollador,Administración,2022-10-01,Sábado,SUTERM
S,EMP1161,Lucía Castillo Alvarez,1996-03-23,Calle Torres #778,lucía.161@gfs.mx,5572962895,36916.09,Analista,Sistemas,2005-06-05,Domingo,SUTERM
S,EMP1162,Fernando Campos Figueroa,1992-04-24,Calle Contreras #434,fernando.162@gfs.mx,5524923247,56570.36,Coordinador,Logística,2007-09-26,Sábado,SUTERM
S,EMP1163,Verónica Fuentes Santiago,1985-07-04,Calle Rodríguez #114,verónica.163@gfs.mx,5577085942,45804.34,Analista,Calidad,2016-07-23,Sábado,STRM
S,EMP1164,Fernando Castillo Núñez,1965-01-26,Calle Santiago #362,fernando.164@gfs.mx,5542287985,44239.82,Auxiliar,Calidad,2019-12-28,Sábado,CROM
S,EMP1165,Raúl Rodríguez Contreras,1989-05-29,Calle Romero #806,raúl.165@gfs.mx,5578131950,43249.12,Supervisor,Finanzas,2005-12-23,Domingo,CTM
S,EMP1166,Mónica Cervantes López,1981-01-07,Calle Rodríguez #354,mónica.166@gfs.mx,5542363373,53976.46,Desarrollador,Sistemas,2022-04-22,Domingo,SUTERM
S,EMP1167,Lucía Medina Guerrero,1980-03-09,Calle Ríos #180,lucía.167@gfs.mx,5572360629,68849.15,Asistente,Calidad,2009-02-02,Sábado,STIDC
S,EMP1168,Salvador Ibarra Muñoz,1966-08-29,Calle Castillo #207,salvador.168@gfs.mx,5515879578,57466.55,Representante,Recursos Humanos,2012-01-30,Domingo,CROM
S,EMP1169,Arturo Guerrero Alvarez,1976-05-13,Calle García #772,arturo.169@gfs.mx,5596825515,21466.21,Especialista,Recursos Humanos,2024-06-02,Domingo,CTM
S,EMP1170,Eduardo Aguilar Núñez,1982-12-11,Calle Cervantes #451,eduardo.170@gfs.mx,5561894582,30342.2,Auxiliar,Finanzas,2020-07-10,Domingo,CTM
S,EMP1171,Enrique Ortiz González,1997-08-13,Calle Núñez #81,enrique.171@gfs.mx,5567795113,46147.2,Auditor,Contabilidad,2017-03-27,Domingo,CTM
S,EMP1172,Sandra González Ramos,1994-08-25,Calle Castillo #314,sandra.172@gfs.mx,5569849800,46157.3,Supervisor,Contabilidad,2020-06-21,Domingo,CTM
S,EMP1173,Mariana García Figueroa,1980-10-25,Calle Santiago #446,mariana.173@gfs.mx,5546850196,48368.16,Contador,Recursos Humanos,2006-09-07,Domingo,CTM
S,EMP1174,Adriana Cervantes Mora,1972-03-06,Calle López #147,adriana.174@gfs.mx,5591547054,50685.33,Asistente,Recursos Humanos,2007-11-01,Sábado,SUTERM
S,EMP1175,Hugo Ríos Aguilar,1981-03-31,Calle Vega #973,hugo.175@gfs.mx,5586134287,11943.12,Auxiliar,Calidad,2015-02-03,Domingo,CTM
S,EMP1176,Mariana Soto Rodríguez,1990-09-30,Calle Torres #543,mariana.176@gfs.mx,5559251188,33882.04,Desarrollador,Logística,2010-08-07,Sábado,STIDC
S,EMP1177,Gerardo Morales Ruiz,1988-03-23,Calle Vega #936,gerardo.177@gfs.mx,5585386435,17065.66,Contador,Logística,2020-10-16,Domingo,SUTERM
S,EMP1178,Alfredo Castillo Palacios,1987-01-13,Calle Jiménez #126,alfredo.178@gfs.mx,5528217159,61169.58,Asistente,Contabilidad,2020-12-31,Domingo,STIDC
S,EMP1179,Víctor Ramos Lara,1980-08-02,Calle Salinas #67,víctor.179@gfs.mx,5583819367,42530.28,Representante,Logística,2024-02-05,Sábado,STRM
S,EMP1180,Salvador Palacios Fuentes,1972-10-23,Calle Aguilar #521,salvador.180@gfs.mx,5540097200,17281.75,Coordinador,Contabilidad,2010-04-24,Domingo,STIDC
S,EMP1181,Raúl Campos Espinoza,1981-07-20,Calle Muñoz #823,raúl.181@gfs.mx,5584040798,17786.27,Representante,Sistemas,2006-06-23,Domingo,CROC
S,EMP1182,Salvador Figueroa Alvarez,1988-07-31,Calle Rojas #788,salvador.182@gfs.mx,5564953237,59400.36,Técnico,Contabilidad,2012-02-11,Sábado,CROC
S,EMP1183,Pablo Mora Contreras,1980-06-15,Calle Torres #900,pablo.183@gfs.mx,5583994695,48387.64,Auxiliar,Contabilidad,2014-09-15,Sábado,SNTSS
S,EMP1184,Eduardo Contreras Flores,1978-08-23,Calle Rivera #166,eduardo.184@gfs.mx,5553306792,66084.27,Coordinador,Administración,2016-08-21,Domingo,SNTSS
S,EMP1185,Miguel Mendoza Jiménez,1993-06-27,Calle Campos #282,miguel.185@gfs.mx,5526800072,47501.34,Consultor,Operaciones,2007-02-05,Sábado,CROM
S,EMP1186,Ignacio Flores Rivera,1994-07-20,Calle Santiago #738,ignacio.186@gfs.mx,5591220369,30257.18,Representante,Ventas,2005-12-04,Sábado,STIDC
S,EMP1187,Lucía Ríos Ibarra,1990-11-15,Calle Mendoza #667,lucía.187@gfs.mx,5538294221,56017.54,Supervisor,Ventas,2019-05-02,Sábado,CROC
S,EMP1188,Liliana Guerrero Castillo,1993-10-18,Calle Gutiérrez #495,liliana.188@gfs.mx,5542866956,58281.29,Desarrollador,Marketing,2011-09-03,Domingo,STIDC
S,EMP1189,Ángela Martínez Rivera,1984-09-20,Calle Rojas #496,ángela.189@gfs.mx,5572336371,22241.38,Consultor,Contabilidad,2012-01-05,Domingo,STRM
S,EMP1190,Claudia Chavez Torres,1999-02-14,Calle Aguilar #528,claudia.190@gfs.mx,5585383550,16371.04,Coordinador,Finanzas,2007-10-01,Domingo,CROC
S,EMP1191,Héctor Flores Sánchez,1967-04-10,Calle Castillo #969,héctor.191@gfs.mx,5561559717,61849.83,Supervisor,Producción,2024-05-29,Sábado,SNTSS
S,EMP1192,Fernanda Espinoza Figueroa,1979-01-11,Calle Jiménez #782,fernanda.192@gfs.mx,5531386576,39895.93,Gestor,Finanzas,2016-03-09,Domingo,CROC
S,EMP1193,Carlos González Chavez,1987-09-04,Calle Muñoz #990,carlos.193@gfs.mx,5542310051,22908.67,Especialista,Recursos Humanos,2006-02-19,Domingo,CROC
S,EMP1194,Berenice Ríos Mora,1986-02-10,Calle Castillo #550,berenice.194@gfs.mx,5511097552,60830.34,Supervisor,Contabilidad,2024-10-17,Domingo,STRM
S,EMP1195,Raúl Soto Chavez,1981-06-01,Calle García #411,raúl.195@gfs.mx,5516866268,44216.9,Coordinador,Administración,2017-05-30,Domingo,STIDC
S,EMP1196,Leticia Romero Díaz,1999-04-16,Calle Campos #287,leticia.196@gfs.mx,5593650068,50823.92,Técnico,Contabilidad,2007-03-04,Domingo,CTM
S,EMP1197,Jorge Campos Aguilar,1998-11-13,Calle Flores #204,jorge.197@gfs.mx,5590861208,40547.35,Gestor,Recursos Humanos,2006-01-07,Sábado,SUTERM
S,EMP1198,Salvador Herrera Alvarez,1988-04-18,Calle Muñoz #153,salvador.198@gfs.mx,5591370909,63587.9,Auxiliar,Administración,2018-10-02,Domingo,SUTERM
S,EMP1199,Arturo Santiago Cervantes,1978-06-04,Calle Delgado #345,arturo.199@gfs.mx,5578090664,59697.36,Gestor,Finanzas,2020-11-23,Domingo,CROC
S,EMP1200,Carlos Aguilar Herrera,1995-03-24,Calle Ramírez #427,carlos.200@gfs.mx,5588343175,28460.67,Representante,Soporte Técnico,2024-07-24,Sábado,CROM
S,EMP1201,Esperanza Mendoza Ríos,2000-02-14,Calle Ibarra #593,esperanza.201@gfs.mx,5587528776,23652.59,Analista,Ventas,2015-10-11,Sábado,CROM
S,EMP1202,Liliana Figueroa Santiago,1999-10-01,Calle Vega #152,liliana.202@gfs.mx,5542507072,11894.23,Diseñador,Sistemas,2009-04-12,Sábado,CROC
S,EMP1203,Fernanda Rojas Flores,1983-07-11,Calle Palacios #209,fernanda.203@gfs.mx,5565079923,40109.17,Consultor,Finanzas,2024-07-30,Sábado,STRM
S,EMP1204,Diana Contreras Vargas,1990-02-28,Calle Ramos #679,diana.204@gfs.mx,5574205866,41528.63,Especialista,Contabilidad,2015-04-24,Domingo,CROM
S,EMP1205,Claudia Mora Ibarra,1997-05-04,Calle Mora #659,claudia.205@gfs.mx,5545482091,46604.59,Coordinador,Producción,2011-04-05,Domingo,SUTERM
S,EMP1206,Alejandro Ibarra Castillo,1996-08-15,Calle Vargas #707,alejandro.206@gfs.mx,5575632882,29022.44,Especialista,Operaciones,2022-11-03,Domingo,CTM
S,EMP1207,Eduardo Espinoza Mora,1989-05-14,Calle Vega #918,eduardo.207@gfs.mx,5562953249,59102.65,Contador,Contabilidad,2011-07-08,Sábado,CTM
S,EMP1208,Salvador González Medina,1984-11-04,Calle Ríos #263,salvador.208@gfs.mx,5574300930,22839.21,Auditor,Operaciones,2011-01-31,Domingo,SUTERM
S,EMP1209,Sandra Santiago Cervantes,1991-04-29,Calle Cruz #249,sandra.209@gfs.mx,5516813620,50190.04,Gestor,Producción,2019-04-24,Sábado,STIDC
S,EMP1210,Sandra Rojas Herrera,1997-03-07,Calle Alvarez #103,sandra.210@gfs.mx,5528450513,10310.89,Gestor,Contabilidad,2014-02-16,Domingo,CROC
S,EMP1211,Ernesto Jiménez Soto,1977-11-20,Calle Ramos #293,ernesto.211@gfs.mx,5596690951,13549.76,Contador,Sistemas,2019-08-19,Sábado,CROM
S,EMP1212,Gerardo Figueroa García,1972-11-08,Calle Rojas #904,gerardo.212@gfs.mx,5533593960,66035.36,Analista,Marketing,2022-09-03,Domingo,SUTERM
S,EMP1213,Gerardo Castillo García,1965-06-01,Calle Gutiérrez #582,gerardo.213@gfs.mx,5590904160,16438.04,Especialista,Logística,2015-03-12,Domingo,SUTERM
S,EMP1214,Adriana Muñoz Ortiz,1973-08-26,Calle Ramírez #339,adriana.214@gfs.mx,5531809610,53867.15,Desarrollador,Logística,2021-02-12,Sábado,STIDC
S,EMP1215,Gerardo Herrera Castillo,1990-06-21,Calle Mora #776,gerardo.215@gfs.mx,5535925669,20529.69,Auditor,Calidad,2014-02-04,Domingo,CROM
S,EMP1216,Fernanda González Chavez,1995-01-09,Calle Sánchez #190,fernanda.216@gfs.mx,5528872606,38647.25,Representante,Producción,2005-02-25,Domingo,CROC
S,EMP1217,Héctor Díaz Soto,1976-12-23,Calle Herrera #310,héctor.217@gfs.mx,5588176558,53372.95,Analista,Logística,2019-08-30,Domingo,STRM
S,EMP1218,Héctor Martínez Lara,1970-04-21,Calle Muñoz #315,héctor.218@gfs.mx,5531436829,34325.0,Gestor,Soporte Técnico,2022-04-08,Domingo,STRM
S,EMP1219,Eduardo Fuentes Castillo,1981-06-27,Calle Santiago #227,eduardo.219@gfs.mx,5539410942,67441.63,Asistente,Contabilidad,2015-03-17,Domingo,CROC
S,EMP1220,Ángela Campos Alvarez,1998-12-22,Calle Guerrero #822,ángela.220@gfs.mx,5599133246,59536.21,Contador,Producción,2020-04-05,Sábado,CROM
S,EMP1221,Mariana Contreras Salinas,1981-03-25,Calle Rodríguez #940,mariana.221@gfs.mx,5585721444,16732.53,Auditor,Operaciones,2016-05-03,Sábado,CROM
S,EMP1222,Silvia Flores Rivera,1979-09-20,Calle Contreras #453,silvia.222@gfs.mx,5525601471,50817.71,Diseñador,Ventas,2015-12-19,Sábado,CROM
S,EMP1223,Mariana Martínez Muñoz,1970-12-02,Calle Romero #426,mariana.223@gfs.mx,5571310453,43834.67,Gestor,Finanzas,2020-02-03,Domingo,STRM
S,EMP1224,Carlos Chavez Mendoza,1965-02-19,Calle Cervantes #224,carlos.224@gfs.mx,5587619624,14381.77,Supervisor,Administración,2020-09-16,Sábado,CROM
S,EMP1225,Roberto Rodríguez Alvarez,1966-06-04,Calle Castillo #419,roberto.225@gfs.mx,5534156684,56138.32,Contador,Calidad,2021-05-11,Domingo,CTM
S,EMP1226,Leticia Díaz Vega,1981-11-07,Calle González #700,leticia.226@gfs.mx,5598824290,62473.22,Auxiliar,Calidad,2024-04-18,Domingo,STIDC
S,EMP1227,Javier Guerrero Chavez,1988-09-21,Calle Torres #746,javier.227@gfs.mx,5539888974,60089.3,Contador,Recursos Humanos,2011-09-11,Domingo,STRM
S,EMP1228,Irene Guerrero Núñez,1988-11-11,Calle Vega #844,irene.228@gfs.mx,5540824989,24850.72,Especialista,Contabilidad,2011-03-09,Sábado,STRM
S,EMP1229,Alicia Ramírez García,1994-08-13,Calle Rojas #630,alicia.229@gfs.mx,5512099943,24439.98,Técnico,Sistemas,2018-04-28,Sábado,CROC
S,EMP1230,Berenice Mora Salinas,1967-03-09,Calle Cruz #759,berenice.230@gfs.mx,5515937353,34135.92,Coordinador,Operaciones,2009-11-15,Sábado,SUTERM
S,EMP1231,Adriana Castillo Reyes,1997-10-25,Calle Espinoza #327,adriana.231@gfs.mx,5587507357,45875.06,Desarrollador,Administración,2010-04-25,Domingo,SUTERM
S,EMP1232,Norma Contreras Reyes,1983-07-21,Calle Gutiérrez #282,norma.232@gfs.mx,5518181595,43403.09,Consultor,Soporte Técnico,2008-12-05,Domingo,CROM
S,EMP1233,Gustavo Martínez Medina,1993-11-10,Calle Lara #391,gustavo.233@gfs.mx,5580392240,29124.07,Supervisor,Marketing,2008-05-07,Domingo,CROC
S,EMP1234,Javier Soto Guerrero,1986-03-30,Calle Cruz #870,javier.234@gfs.mx,5540245233,28044.19,Diseñador,Contabilidad,2023-01-27,Domingo,STIDC
S,EMP1235,Daniel Rojas Rojas,1989-12-31,Calle Contreras #138,daniel.235@gfs.mx,5562132722,24571.51,Coordinador,Administración,2019-07-04,Sábado,CROC
S,EMP1236,Raúl González Guerrero,1997-07-03,Calle Jiménez #53,raúl.236@gfs.mx,5546032304,32630.08,Consultor,Ventas,2005-11-20,Sábado,SUTERM
S,EMP1237,Alicia Delgado Figueroa,1995-02-14,Calle Campos #223,alicia.237@gfs.mx,5574343201,22533.35,Representante,Administración,2011-10-20,Sábado,SUTERM
S,EMP1238,Karla Cervantes Ramírez,1998-07-03,Calle Soto #491,karla.238@gfs.mx,5542560305,51737.58,Diseñador,Producción,2013-11-24,Sábado,CROM
S,EMP1239,Fernanda Ibarra Castillo,1982-01-28,Calle Muñoz #547,fernanda.239@gfs.mx,5597069904,31555.57,Operador,Administración,2016-07-02,Domingo,CROC
S,EMP1240,Sandra Figueroa Alvarez,1999-03-02,Calle Ramos #937,sandra.240@gfs.mx,5537263310,32242.3,Supervisor,Recursos Humanos,2017-08-14,Sábado,STRM
S,EMP1241,Fernando López Mendoza,1989-10-27,Calle Delgado #594,fernando.241@gfs.mx,5566046380,27711.54,Coordinador,Administración,2010-02-28,Domingo,CROM
S,EMP1242,Héctor Ruiz Campos,1994-05-14,Calle Mora #346,héctor.242@gfs.mx,5544537812,55801.64,Asistente,Soporte Técnico,2019-05-24,Domingo,CROC
S,EMP1243,Valeria Figueroa Medina,1972-08-05,Calle Torres #738,valeria.243@gfs.mx,5583356206,39298.98,Representante,Operaciones,2019-05-25,Sábado,CROM
S,EMP1244,Lucía Rodríguez Lara,1967-03-06,Calle Soto #7,lucía.244@gfs.mx,5565350347,18249.49,Desarrollador,Producción,2006-07-11,Sábado,STIDC
S,EMP1245,Andrés Romero Muñoz,1981-09-28,Calle Martínez #633,andrés.245@gfs.mx,5595594482,50005.28,Consultor,Finanzas,2019-10-15,Domingo,STIDC
S,EMP1246,Ana Guerrero Campos,1983-06-15,Calle Pérez #18,ana.246@gfs.mx,5581057233,53331.56,Gestor,Logística,2005-05-21,Domingo,SNTSS
S,EMP1247,Javier Sánchez Sánchez,1988-07-10,Calle Flores #247,javier.247@gfs.mx,5535760684,47186.85,Operador,Administración,2010-12-30,Domingo,STIDC
S,EMP1248,Raúl Chavez Muñoz,1990-05-06,Calle Cruz #714,raúl.248@gfs.mx,5540314047,27998.48,Auditor,Sistemas,2019-08-31,Sábado,STIDC
S,EMP1249,Arturo Vega Vega,1989-10-17,Calle Alvarez #58,arturo.249@gfs.mx,5595462880,10567.01,Auxiliar,Sistemas,2016-03-18,Domingo,STRM
S,EMP1250,Jorge Espinoza Sánchez,1988-09-10,Calle García #236,jorge.250@gfs.mx,5538375916,64076.38,Diseñador,Ventas,2015-09-01,Domingo,STIDC
S,EMP1251,Patricia Mora Ortiz,1989-05-12,Calle Espinoza #674,patricia.251@gfs.mx,5514416002,20761.27,Auditor,Administración,2005-05-09,Sábado,CROM
S,EMP1252,Fernando Soto Salinas,1982-11-13,Calle Rodríguez #307,fernando.252@gfs.mx,5531803703,43837.49,Consultor,Marketing,2020-03-09,Domingo,CROC
S,EMP1253,Alicia Cervantes Torres,2000-06-17,Calle Palacios #742,alicia.253@gfs.mx,5520526386,40047.57,Especialista,Recursos Humanos,2007-03-12,Domingo,SUTERM
S,EMP1254,Patricia Herrera Mejía,1999-07-01,Calle Santiago #978,patricia.254@gfs.mx,5589941241,33802.18,Contador,Administración,2005-08-31,Domingo,SNTSS
S,EMP1255,Mariana Ruiz Reyes,1980-12-17,Calle Campos #964,mariana.255@gfs.mx,5560388958,35910.88,Desarrollador,Ventas,2019-10-27,Domingo,STIDC
S,EMP1256,Hugo Santiago Castillo,2000-10-19,Calle Cruz #731,hugo.256@gfs.mx,5519865900,14922.28,Auxiliar,Marketing,2020-12-18,Sábado,STRM
S,EMP1257,Leticia Ramos Aguilar,1969-10-12,Calle González #6,leticia.257@gfs.mx,5551374957,36684.15,Contador,Logística,2007-04-18,Sábado,STIDC
S,EMP1258,Javier Núñez Díaz,1989-12-26,Calle Campos #525,javier.258@gfs.mx,5564766762,16197.58,Técnico,Administración,2017-06-07,Sábado,CROM
S,EMP1259,Berenice Ramos Vega,1965-07-22,Calle Castillo #424,berenice.259@gfs.mx,5562049575,56750.15,Diseñador,Operaciones,2010-06-12,Sábado,STRM
S,EMP1260,Leticia Rivera Torres,1977-01-23,Calle Gutiérrez #275,leticia.260@gfs.mx,5576185975,18756.09,Auxiliar,Marketing,2011-03-11,Domingo,CTM
S,EMP1261,Esperanza Rodríguez Aguilar,1976-04-16,Calle Cruz #739,esperanza.261@gfs.mx,5593890601,39748.15,Consultor,Producción,2015-04-09,Sábado,SUTERM
S,EMP1262,Alejandro Pérez Chavez,1979-11-27,Calle Santiago #390,alejandro.262@gfs.mx,5554230340,36413.38,Supervisor,Calidad,2018-05-02,Sábado,CTM
S,EMP1263,Fernanda Mejía Palacios,1974-01-04,Calle Alvarez #322,fernanda.263@gfs.mx,5533842070,67874.48,Especialista,Logística,2021-06-26,Domingo,CROM
S,EMP1264,Héctor Ramos Vega,1977-07-29,Calle Chavez #374,héctor.264@gfs.mx,5525285764,65924.03,Coordinador,Ventas,2017-03-28,Sábado,STRM
S,EMP1265,Hugo Campos López,1997-08-15,Calle Muñoz #966,hugo.265@gfs.mx,5538138531,36307.3,Operador,Soporte Técnico,2006-07-21,Domingo,STRM
S,EMP1266,Gustavo Torres Fuentes,1978-08-02,Calle Cruz #259,gustavo.266@gfs.mx,5598404247,19248.59,Supervisor,Marketing,2006-08-29,Domingo,CROM
S,EMP1267,Esperanza Delgado Chavez,1988-12-21,Calle Romero #946,esperanza.267@gfs.mx,5566143368,42618.71,Contador,Administración,2020-09-26,Sábado,STIDC
S,EMP1268,Hugo Cruz Lara,1994-10-26,Calle Medina #171,hugo.268@gfs.mx,5596838849,46760.67,Consultor,Calidad,2020-03-12,Domingo,SNTSS
S,EMP1269,Jorge Núñez Sánchez,1965-06-22,Calle Sánchez #265,jorge.269@gfs.mx,5539796480,40640.57,Gestor,Operaciones,2018-01-08,Sábado,CROC
S,EMP1270,Raúl Chavez Muñoz,1999-08-25,Calle Mora #603,raúl.270@gfs.mx,5577171380,19044.7,Analista,Finanzas,2007-05-07,Domingo,CROC
S,EMP1271,Miguel Ramírez Figueroa,1971-05-11,Calle Medina #320,miguel.271@gfs.mx,5556045630,37319.96,Coordinador,Operaciones,2015-11-01,Domingo,CROC
S,EMP1272,Sandra Díaz Figueroa,1996-04-03,Calle Díaz #327,sandra.272@gfs.mx,5519015987,28015.84,Contador,Soporte Técnico,2007-08-01,Sábado,SNTSS
S,EMP1273,Jorge Ríos Sánchez,1995-05-18,Calle Rivera #953,jorge.273@gfs.mx,5542737441,40959.63,Gestor,Contabilidad,2012-06-04,Domingo,CROC
S,EMP1274,Sofía Chavez Fuentes,1973-04-11,Calle Morales #656,sofía.274@gfs.mx,5598222374,35928.07,Analista,Soporte Técnico,2018-10-10,Sábado,CROC
S,EMP1275,Ignacio Núñez Vega,1965-03-14,Calle Salinas #220,ignacio.275@gfs.mx,5537619925,26700.69,Diseñador,Sistemas,2017-12-13,Sábado,SNTSS
S,EMP1276,Silvia Morales Aguilar,1979-08-16,Calle Jiménez #469,silvia.276@gfs.mx,5525294777,25741.2,Auditor,Finanzas,2016-11-02,Domingo,CROM
S,EMP1277,Leticia Santiago Chavez,1991-05-02,Calle Ramírez #357,leticia.277@gfs.mx,5557242616,60731.07,Consultor,Contabilidad,2023-04-03,Domingo,CROM
S,EMP1278,Ignacio González Mora,1971-01-04,Calle Ramos #121,ignacio.278@gfs.mx,5542020689,28322.8,Auxiliar,Administración,2020-07-21,Sábado,CROM
S,EMP1279,Leticia Rojas Mejía,1971-03-09,Calle Espinoza #393,leticia.279@gfs.mx,5566779304,21145.22,Desarrollador,Operaciones,2020-07-21,Sábado,CROM
S,EMP1280,Valeria Ruiz Castillo,1971-04-18,Calle Morales #323,valeria.280@gfs.mx,5570532325,47164.6,Auditor,Administración,2005-03-20,Domingo,SUTERM
S,EMP1281,Karla Vega Campos,1987-09-04,Calle Ríos #507,karla.281@gfs.mx,5564913082,51081.8,Supervisor,Soporte Técnico,2023-11-03,Domingo,CROC
S,EMP1282,Valeria González Espinoza,1966-05-21,Calle Soto #226,valeria.282@gfs.mx,5549203644,11961.71,Coordinador,Operaciones,2011-06-23,Sábado,SNTSS
S,EMP1283,Pablo Espinoza Cervantes,1999-08-28,Calle Ibarra #508,pablo.283@gfs.mx,5583782999,40648.36,Consultor,Sistemas,2011-01-04,Domingo,CROM
S,EMP1284,Alicia García Soto,1997-04-02,Calle Díaz #560,alicia.284@gfs.mx,5539332201,69386.54,Técnico,Soporte Técnico,2023-08-14,Sábado,CTM
S,EMP1285,Lucía Díaz Mendoza,1980-08-21,Calle González #450,lucía.285@gfs.mx,5525755285,56537.9,Coordinador,Producción,2023-03-09,Domingo,SNTSS
S,EMP1286,Salvador Santiago Fuentes,1984-03-17,Calle Rivera #631,salvador.286@gfs.mx,5528687800,57090.96,Auditor,Producción,2023-01-25,Sábado,CROM
S,EMP1287,Claudia Guerrero Ortiz,1991-10-10,Calle Guerrero #173,claudia.287@gfs.mx,5553440052,68740.01,Operador,Logística,2017-11-05,Domingo,SNTSS
S,EMP1288,Adriana Mora Sánchez,1971-01-31,Calle Soto #805,adriana.288@gfs.mx,5565243509,65126.12,Operador,Calidad,2007-11-06,Sábado,SUTERM
S,EMP1289,Fernando Salinas Ramos,1976-02-08,Calle Soto #864,fernando.289@gfs.mx,5562707402,39367.52,Consultor,Calidad,2011-01-11,Domingo,CROC
S,EMP1290,Mariana Rodríguez Fuentes,2000-08-23,Calle Ibarra #96,mariana.290@gfs.mx,5564069715,40936.81,Operador,Soporte Técnico,2024-09-04,Domingo,CROC
S,EMP1291,Gustavo Ramos Delgado,1965-02-10,Calle Ibarra #868,gustavo.291@gfs.mx,5522501261,53855.92,Asistente,Calidad,2019-11-24,Domingo,SNTSS
S,EMP1292,Patricia Guerrero Chavez,1974-10-09,Calle Núñez #845,patricia.292@gfs.mx,5538434222,39682.9,Especialista,Logística,2012-07-29,Sábado,CROM
S,EMP1293,Gustavo Herrera Mora,1999-03-12,Calle Martínez #48,gustavo.293@gfs.mx,5523364695,47570.77,Auditor,Finanzas,2005-05-14,Sábado,SNTSS
S,EMP1294,Valeria Díaz Muñoz,1965-01-12,Calle Núñez #208,valeria.294@gfs.mx,5527705074,62928.87,Operador,Contabilidad,2024-08-12,Domingo,STIDC
S,EMP1295,Ernesto Aguilar Mendoza,1968-09-12,Calle Aguilar #681,ernesto.295@gfs.mx,5597095388,19931.5,Supervisor,Calidad,2011-11-08,Sábado,CROC
S,EMP1296,Ernesto González Salinas,1969-04-09,Calle Pérez #219,ernesto.296@gfs.mx,5573995913,14676.32,Consultor,Producción,2016-08-26,Domingo,STIDC
S,EMP1297,Ana Palacios Herrera,1970-05-30,Calle Núñez #711,ana.297@gfs.mx,5527740248,38662.01,Coordinador,Marketing,2007-01-02,Sábado,STIDC
S,EMP1298,Fernanda Aguilar Gutiérrez,1971-02-25,Calle Vega #793,fernanda.298@gfs.mx,5527870584,48494.57,Desarrollador,Contabilidad,2006-07-15,Sábado,CROM
S,EMP1299,Ernesto Rivera Díaz,1980-10-02,Calle Figueroa #219,ernesto.299@gfs.mx,5594299475,54896.13,Representante,Marketing,2018-10-26,Domingo,SNTSS
S,EMP1300,Andrés González Sánchez,1971-04-13,Calle Soto #127,andrés.300@gfs.mx,5589131271,53800.55,Especialista,Marketing,2012-01-21,Sábado,SUTERM
S,EMP1301,Ricardo Ríos González,1976-02-18,Calle Campos #616,ricardo.301@gfs.mx,5590531692,53270.78,Operador,Soporte Técnico,2005-08-08,Domingo,SUTERM
S,EMP1302,Enrique Mejía Romero,1973-06-18,Calle Cervantes #402,enrique.302@gfs.mx,5549666982,48770.19,Contador,Producción,2016-02-07,Domingo,STIDC
S,EMP1303,Héctor Ruiz Fuentes,1991-08-23,Calle Rodríguez #541,héctor.303@gfs.mx,5511619606,69212.95,Representante,Administración,2007-12-18,Domingo,SNTSS
S,EMP1304,Yolanda Rojas Aguilar,1989-07-05,Calle Mora #177,yolanda.304@gfs.mx,5573218512,67267.18,Contador,Sistemas,2005-05-17,Sábado,STIDC
S,EMP1305,Mónica Vargas García,1967-09-18,Calle Chavez #519,mónica.305@gfs.mx,5548451741,47714.24,Gestor,Marketing,2014-07-02,Domingo,STIDC
S,EMP1306,Liliana Guerrero Guerrero,1992-08-20,Calle Flores #285,liliana.306@gfs.mx,5521220209,28594.41,Gestor,Producción,2023-02-15,Sábado,CROM
S,EMP1307,Fernanda Chavez Delgado,1993-06-15,Calle Soto #855,fernanda.307@gfs.mx,5597219985,50863.34,Técnico,Logística,2020-09-02,Domingo,STRM
S,EMP1308,Héctor Martínez Cruz,1968-11-13,Calle Núñez #119,héctor.308@gfs.mx,5570850538,46737.81,Analista,Logística,2019-12-10,Sábado,STIDC
S,EMP1309,Ana Salinas Torres,1996-06-20,Calle Pérez #168,ana.309@gfs.mx,5576627415,67180.97,Gestor,Operaciones,2022-07-25,Domingo,SUTERM
S,EMP1310,Raúl Torres Cervantes,2000-01-15,Calle Ortiz #751,raúl.310@gfs.mx,5525845304,56285.82,Analista,Administración,2023-02-07,Domingo,CTM
S,EMP1311,Enrique Rodríguez Mendoza,1996-12-14,Calle Espinoza #643,enrique.311@gfs.mx,5520344164,39768.85,Gestor,Administración,2006-03-31,Domingo,SNTSS
S,EMP1312,Yolanda Rivera Aguilar,1972-01-22,Calle Mendoza #792,yolanda.312@gfs.mx,5523811663,63656.11,Desarrollador,Soporte Técnico,2007-08-03,Sábado,STRM
S,EMP1313,Adriana Pérez García,1965-07-21,Calle Cruz #48,adriana.313@gfs.mx,5573319171,31838.59,Representante,Contabilidad,2009-01-06,Sábado,CROM
S,EMP1314,Salvador Cervantes Ríos,1983-10-24,Calle Reyes #330,salvador.314@gfs.mx,5543321320,34975.4,Diseñador,Administración,2011-02-01,Sábado,CROM
S,EMP1315,Raúl Ramírez Romero,1995-03-16,Calle Martínez #184,raúl.315@gfs.mx,5539955391,58260.28,Analista,Marketing,2006-07-19,Domingo,SNTSS
S,EMP1316,Gabriela Ibarra Gutiérrez,1979-09-07,Calle González #567,gabriela.316@gfs.mx,5571303434,10478.15,Coordinador,Logística,2017-08-24,Domingo,STRM
S,EMP1317,Alfredo Cruz Muñoz,1981-07-09,Calle Delgado #996,alfredo.317@gfs.mx,5576217748,69867.23,Contador,Producción,2021-06-06,Sábado,SUTERM
S,EMP1318,Ana Rojas López,1975-06-15,Calle Guerrero #355,ana.318@gfs.mx,5595354668,60374.44,Representante,Recursos Humanos,2012-07-07,Sábado,SNTSS
S,EMP1319,Norma Vega Cervantes,1997-08-15,Calle Gutiérrez #107,norma.319@gfs.mx,5537540722,41788.87,Coordinador,Marketing,2016-01-14,Sábado,SUTERM
S,EMP1320,Salvador Ortiz González,1966-12-21,Calle Reyes #919,salvador.320@gfs.mx,5579760901,34783.41,Representante,Administración,2015-04-14,Sábado,CROM
S,EMP1321,Sandra Romero Torres,1993-08-02,Calle Chavez #77,sandra.321@gfs.mx,5589442904,44069.24,Supervisor,Calidad,2007-12-07,Sábado,CTM
S,EMP1322,Mónica Ramos Chavez,1996-06-07,Calle Cervantes #335,mónica.322@gfs.mx,5552688984,37165.47,Coordinador,Sistemas,2009-07-19,Sábado,SNTSS
S,EMP1323,Hugo Delgado Sánchez,1971-12-22,Calle Sánchez #169,hugo.323@gfs.mx,5570339827,37963.31,Supervisor,Sistemas,2017-01-08,Domingo,SNTSS
S,EMP1324,Andrés Díaz Gutiérrez,1985-10-14,Calle Mendoza #873,andrés.324@gfs.mx,5526094525,15425.25,Contador,Calidad,2011-10-29,Sábado,SUTERM
S,EMP1325,Fernanda Flores González,1996-11-25,Calle Cruz #992,fernanda.325@gfs.mx,5557746984,33774.67,Analista,Calidad,2011-09-15,Domingo,SNTSS
S,EMP1326,Javier López Chavez,1985-04-14,Calle Campos #767,javier.326@gfs.mx,5583835976,24991.16,Asistente,Sistemas,2023-01-12,Sábado,STIDC
S,EMP1327,Ana Martínez Ibarra,1974-12-21,Calle Torres #203,ana.327@gfs.mx,5563765180,32334.38,Desarrollador,Calidad,2006-11-20,Domingo,SNTSS
S,EMP1328,Patricia López Rodríguez,1973-11-14,Calle Ríos #455,patricia.328@gfs.mx,5527286109,15518.72,Auditor,Administración,2007-10-01,Sábado,CROC
S,EMP1329,Roberto Rivera Espinoza,1984-06-06,Calle Figueroa #405,roberto.329@gfs.mx,5576588957,11768.94,Desarrollador,Marketing,2008-11-16,Domingo,SUTERM
S,EMP1330,Javier Ortiz Ortiz,1985-01-03,Calle Flores #36,javier.330@gfs.mx,5592423989,47150.59,Coordinador,Calidad,2011-08-15,Domingo,CROC
S,EMP1331,Daniel Alvarez Martínez,1968-12-08,Calle Ortiz #393,daniel.331@gfs.mx,5528419506,35154.09,Desarrollador,Operaciones,2010-08-04,Sábado,CROC
S,EMP1332,Salvador Medina Alvarez,1989-06-05,Calle Ruiz #353,salvador.332@gfs.mx,5585920407,40143.6,Supervisor,Logística,2009-01-13,Sábado,CTM
S,EMP1333,Berenice Reyes López,1999-12-04,Calle Ortiz #60,berenice.333@gfs.mx,5573308406,41765.94,Contador,Ventas,2010-03-22,Sábado,STIDC
S,EMP1334,Héctor Lara Cruz,1976-12-15,Calle Guerrero #836,héctor.334@gfs.mx,5517503932,55842.98,Coordinador,Ventas,2023-12-27,Domingo,CTM
S,EMP1335,Javier Morales Cruz,1991-07-31,Calle Ramos #826,javier.335@gfs.mx,5558155056,64838.8,Analista,Soporte Técnico,2020-09-17,Domingo,CROM
S,EMP1336,Yolanda Flores Espinoza,1973-06-12,Calle Ruiz #556,yolanda.336@gfs.mx,5551480401,20533.41,Analista,Sistemas,2006-04-06,Sábado,CROM
S,EMP1337,Sofía López Contreras,1986-06-11,Calle Pérez #340,sofía.337@gfs.mx,5592427773,22087.86,Auxiliar,Administración,2021-01-30,Sábado,SNTSS
S,EMP1338,Fernanda Martínez López,1971-08-18,Calle Delgado #722,fernanda.338@gfs.mx,5529012298,56461.99,Auditor,Operaciones,2024-04-21,Domingo,STIDC
S,EMP1339,Raúl Salinas Lara,1982-09-30,Calle Delgado #104,raúl.339@gfs.mx,5555172462,28105.91,Auxiliar,Contabilidad,2021-06-05,Domingo,SNTSS
S,EMP1340,Liliana Ruiz Ríos,1979-03-27,Calle Morales #725,liliana.340@gfs.mx,5585427317,51613.62,Representante,Ventas,2022-08-27,Domingo,SUTERM
S,EMP1341,Norma Delgado Morales,1981-12-22,Calle Gutiérrez #752,norma.341@gfs.mx,5549529438,17640.9,Diseñador,Recursos Humanos,2020-09-29,Domingo,SNTSS
S,EMP1342,Hugo Espinoza García,1973-03-03,Calle Mejía #326,hugo.342@gfs.mx,5592058189,23253.72,Consultor,Sistemas,2016-02-17,Sábado,CTM
S,EMP1343,Gerardo Rodríguez Cruz,1980-07-23,Calle Ramos #172,gerardo.343@gfs.mx,5595387542,63119.22,Técnico,Soporte Técnico,2020-01-11,Domingo,CROC
S,EMP1344,Ana Mendoza Vargas,1976-03-12,Calle Palacios #70,ana.344@gfs.mx,5557040785,25399.48,Técnico,Soporte Técnico,2005-01-11,Sábado,CROC
S,EMP1345,Mariana Figueroa Rojas,1972-06-18,Calle Rojas #505,mariana.345@gfs.mx,5560829941,31073.87,Supervisor,Sistemas,2023-08-04,Domingo,SNTSS
S,EMP1346,Yolanda Ríos Soto,1995-10-29,Calle Reyes #167,yolanda.346@gfs.mx,5570570772,14422.56,Auditor,Recursos Humanos,2011-08-13,Sábado,CTM
S,EMP1347,Mónica Sánchez Rodríguez,1980-05-02,Calle Rivera #910,mónica.347@gfs.mx,5560393104,19654.27,Técnico,Operaciones,2007-02-02,Domingo,CROM
S,EMP1348,Alfredo Alvarez Salinas,1966-05-23,Calle Núñez #966,alfredo.348@gfs.mx,5597729428,19899.83,Representante,Marketing,2008-07-10,Sábado,STIDC
S,EMP1349,Jorge Vargas Jiménez,1983-05-12,Calle Palacios #568,jorge.349@gfs.mx,5582494408,25915.89,Operador,Logística,2010-04-30,Sábado,STIDC
S,EMP1350,Arturo Espinoza Campos,1987-01-09,Calle Flores #56,arturo.350@gfs.mx,5558429638,10228.93,Técnico,Logística,2023-06-25,Domingo,SUTERM
S,EMP1351,Sandra López Vargas,1972-08-30,Calle Fuentes #299,sandra.351@gfs.mx,5520997276,38414.24,Técnico,Logística,2022-08-09,Domingo,CROC
S,EMP1352,Gustavo Lara Mendoza,1969-02-02,Calle Ríos #558,gustavo.352@gfs.mx,5562013009,21092.87,Representante,Marketing,2013-04-15,Sábado,CROC
S,EMP1353,Lucía Mendoza Díaz,1985-11-11,Calle Mendoza #232,lucía.353@gfs.mx,5546045780,43854.8,Auxiliar,Soporte Técnico,2019-12-21,Sábado,STIDC
S,EMP1354,Norma Medina Guerrero,1983-07-28,Calle Soto #604,norma.354@gfs.mx,5540536245,43216.11,Auditor,Marketing,2023-05-11,Domingo,CROM
S,EMP1355,Víctor Alvarez Espinoza,1975-07-28,Calle Alvarez #307,víctor.355@gfs.mx,5520597167,33688.26,Auditor,Soporte Técnico,2005-10-12,Sábado,STIDC
S,EMP1356,Alicia Díaz Morales,1972-07-01,Calle Vargas #828,alicia.356@gfs.mx,5535867257,17571.16,Supervisor,Sistemas,2020-04-28,Domingo,SUTERM
S,EMP1357,Liliana Flores Mejía,1976-07-27,Calle Ramos #933,liliana.357@gfs.mx,5518994192,15221.65,Gestor,Marketing,2017-05-20,Domingo,SNTSS
S,EMP1358,Ricardo Contreras Muñoz,1965-07-22,Calle Palacios #639,ricardo.358@gfs.mx,5588863127,41353.72,Supervisor,Sistemas,2014-04-19,Sábado,SUTERM
S,EMP1359,Yolanda Delgado Delgado,1999-01-08,Calle Sánchez #948,yolanda.359@gfs.mx,5524178065,43761.03,Técnico,Logística,2024-06-16,Domingo,CROC
S,EMP1360,Mónica Vega Ríos,1986-10-13,Calle Espinoza #624,mónica.360@gfs.mx,5573491242,12247.94,Operador,Marketing,2008-03-24,Domingo,STIDC
S,EMP1361,Arturo Herrera Palacios,1975-08-29,Calle Martínez #764,arturo.361@gfs.mx,5573782705,65250.1,Representante,Administración,2005-06-15,Domingo,SNTSS
S,EMP1362,Alejandro Gutiérrez Ortiz,1987-01-20,Calle Palacios #702,alejandro.362@gfs.mx,5523182514,68349.8,Coordinador,Contabilidad,2011-09-28,Domingo,SNTSS
S,EMP1363,Fernanda Ortiz Figueroa,1983-09-12,Calle Mejía #662,fernanda.363@gfs.mx,5521983878,21276.14,Coordinador,Marketing,2021-08-14,Domingo,SNTSS
S,EMP1364,Enrique Aguilar Martínez,1988-02-12,Calle Rivera #68,enrique.364@gfs.mx,5551758234,52574.16,Supervisor,Contabilidad,2022-07-04,Sábado,SUTERM
S,EMP1365,Karla Jiménez Martínez,1976-03-11,Calle García #468,karla.365@gfs.mx,5516785951,65081.86,Diseñador,Producción,2011-02-23,Domingo,SNTSS
S,EMP1366,Pablo Romero Chavez,1993-07-03,Calle Ramírez #698,pablo.366@gfs.mx,5514102122,24516.29,Asistente,Ventas,2015-01-03,Sábado,SNTSS
S,EMP1367,Esperanza Delgado Campos,1980-09-09,Calle Medina #168,esperanza.367@gfs.mx,5544716747,54937.67,Diseñador,Sistemas,2011-05-25,Sábado,CROC
S,EMP1368,Roberto Rivera Espinoza,1999-12-25,Calle Vargas #878,roberto.368@gfs.mx,5539709238,48842.79,Desarrollador,Producción,2011-01-14,Domingo,CROM
S,EMP1369,Carlos Ibarra Ibarra,1995-08-09,Calle Pérez #486,carlos.369@gfs.mx,5527758896,48842.29,Consultor,Recursos Humanos,2010-01-08,Domingo,CROM
S,EMP1370,Alejandro Salinas Salinas,1993-10-31,Calle Ortiz #434,alejandro.370@gfs.mx,5560529679,61095.17,Asistente,Logística,2009-11-23,Domingo,CTM
S,EMP1371,Víctor Contreras Santiago,1982-10-25,Calle Delgado #105,víctor.371@gfs.mx,5510986174,40690.82,Desarrollador,Administración,2017-08-05,Domingo,CTM
S,EMP1372,Víctor Sánchez Alvarez,1967-11-12,Calle Herrera #284,víctor.372@gfs.mx,5595979171,29508.22,Operador,Logística,2019-09-19,Domingo,SUTERM
S,EMP1373,Fernando Contreras Soto,1975-10-13,Calle Martínez #825,fernando.373@gfs.mx,5590535106,34245.91,Especialista,Calidad,2008-02-21,Sábado,STRM
S,EMP1374,Gustavo Castillo Mendoza,1983-10-11,Calle Chavez #398,gustavo.374@gfs.mx,5514740436,44981.42,Consultor,Producción,2012-09-12,Sábado,STRM
S,EMP1375,Silvia Fuentes Alvarez,1995-02-20,Calle Medina #520,silvia.375@gfs.mx,5550291467,60725.15,Auditor,Calidad,2024-08-29,Sábado,CTM
S,EMP1376,Sandra Alvarez Torres,1998-03-28,Calle Mendoza #743,sandra.376@gfs.mx,5585031958,55775.09,Auxiliar,Calidad,2012-07-12,Sábado,SUTERM
S,EMP1377,Claudia Reyes Cervantes,1978-10-11,Calle Rojas #808,claudia.377@gfs.mx,5554468633,32300.95,Consultor,Logística,2015-05-28,Sábado,CROC
S,EMP1378,Roberto Fuentes Delgado,1991-01-12,Calle Santiago #73,roberto.378@gfs.mx,5573380252,63365.56,Gestor,Sistemas,2024-06-16,Domingo,CROM
S,EMP1379,Alejandro Rojas Martínez,1971-10-07,Calle Torres #206,alejandro.379@gfs.mx,5555992373,34551.51,Consultor,Finanzas,2008-03-19,Domingo,SNTSS
S,EMP1380,Salvador Morales Ibarra,1968-08-17,Calle Ruiz #341,salvador.380@gfs.mx,5594695784,69198.42,Especialista,Calidad,2006-04-21,Sábado,CROC
S,EMP1381,Ricardo Vargas Soto,1999-09-13,Calle Rivera #591,ricardo.381@gfs.mx,5531264801,39374.63,Contador,Sistemas,2007-11-27,Domingo,STRM
S,EMP1382,Sergio Chavez Núñez,1986-06-01,Calle Vega #5,sergio.382@gfs.mx,5515063406,42026.96,Diseñador,Administración,2005-04-26,Domingo,SNTSS
S,EMP1383,Enrique Jiménez López,1995-05-11,Calle Pérez #642,enrique.383@gfs.mx,5543396474,23575.94,Representante,Administración,2012-01-01,Sábado,STIDC
S,EMP1384,Leticia Romero Delgado,1978-09-25,Calle Rivera #67,leticia.384@gfs.mx,5516136213,27892.14,Operador,Finanzas,2021-04-29,Domingo,CROC
S,EMP1385,Víctor Torres Herrera,1986-12-28,Calle Medina #769,víctor.385@gfs.mx,5535290114,19893.01,Representante,Marketing,2005-06-06,Sábado,SUTERM
S,EMP1386,Irene Torres Vargas,1997-12-06,Calle López #604,irene.386@gfs.mx,5577730769,20139.08,Especialista,Soporte Técnico,2019-08-05,Sábado,CROC
S,EMP1387,Liliana Mendoza Ibarra,1988-12-27,Calle Santiago #50,liliana.387@gfs.mx,5589715138,69680.81,Desarrollador,Sistemas,2019-08-30,Sábado,STIDC
S,EMP1388,Ángela Ramírez Rojas,1984-12-06,Calle Vega #127,ángela.388@gfs.mx,5583454998,25164.3,Diseñador,Contabilidad,2009-08-11,Sábado,CTM
S,EMP1389,Verónica Lara Sánchez,1994-09-20,Calle Contreras #277,verónica.389@gfs.mx,5593590502,46338.06,Auxiliar,Marketing,2023-08-19,Sábado,CROM
S,EMP1390,Irene Santiago Ramírez,1977-09-06,Calle Ramírez #804,irene.390@gfs.mx,5524262473,39864.34,Consultor,Producción,2022-06-14,Domingo,SNTSS
S,EMP1391,Enrique Jiménez Medina,1996-07-22,Calle Rojas #303,enrique.391@gfs.mx,5531524980,12364.34,Asistente,Producción,2020-06-08,Domingo,CTM
S,EMP1392,Héctor Pérez Pérez,1995-02-17,Calle González #929,héctor.392@gfs.mx,5524821786,60113.93,Desarrollador,Finanzas,2008-05-06,Sábado,SNTSS
S,EMP1393,Adriana Rodríguez Figueroa,1997-06-17,Calle Sánchez #927,adriana.393@gfs.mx,5544345256,48660.21,Asistente,Logística,2010-12-04,Domingo,STIDC
S,EMP1394,Sandra Morales García,1978-01-13,Calle Aguilar #821,sandra.394@gfs.mx,5551970837,35559.71,Técnico,Sistemas,2024-02-04,Sábado,STIDC
S,EMP1395,Diana Lara Ríos,1972-08-25,Calle Herrera #367,diana.395@gfs.mx,5568749047,67305.35,Operador,Soporte Técnico,2007-02-01,Domingo,SNTSS
S,EMP1396,Jorge Morales Ramírez,1982-12-24,Calle Chavez #986,jorge.396@gfs.mx,5571275585,26309.99,Supervisor,Soporte Técnico,2024-01-30,Domingo,SNTSS
S,EMP1397,Verónica Ríos Rivera,1970-01-27,Calle Torres #713,verónica.397@gfs.mx,5517871385,68894.15,Auditor,Contabilidad,2007-04-30,Domingo,CROM
S,EMP1398,Esperanza Espinoza Mora,1984-08-27,Calle Morales #626,esperanza.398@gfs.mx,5560969286,56749.86,Consultor,Recursos Humanos,2024-05-07,Sábado,CROC
S,EMP1399,Gustavo Ramírez Rojas,1984-10-08,Calle García #65,gustavo.399@gfs.mx,5545113084,49298.41,Analista,Soporte Técnico,2024-06-23,Sábado,STRM
S,EMP1400,Jorge Contreras Contreras,1995-11-16,Calle Palacios #634,jorge.400@gfs.mx,5522783183,35970.87,Diseñador,Producción,2015-10-23,Domingo,STRM
S,EMP1401,Víctor Ríos Vega,1971-09-02,Calle Campos #914,víctor.401@gfs.mx,5592263926,13273.97,Desarrollador,Contabilidad,2016-05-04,Domingo,SNTSS
S,EMP1402,Gustavo Rivera Rodríguez,1998-09-16,Calle Ruiz #329,gustavo.402@gfs.mx,5542331952,29853.69,Operador,Recursos Humanos,2016-05-15,Sábado,CROM
S,EMP1403,Ernesto Vega Chavez,1975-07-18,Calle González #471,ernesto.403@gfs.mx,5569618021,58075.68,Asistente,Sistemas,2024-03-19,Domingo,CROC
S,EMP1404,Fernanda Ramírez Ruiz,1998-06-06,Calle Ríos #19,fernanda.404@gfs.mx,5523776553,34206.38,Analista,Operaciones,2017-04-26,Sábado,SNTSS
S,EMP1405,Miguel Mejía Santiago,1993-08-07,Calle Gutiérrez #912,miguel.405@gfs.mx,5578227936,43739.95,Desarrollador,Calidad,2015-03-27,Domingo,CTM
S,EMP1406,Roberto Reyes Muñoz,1979-11-23,Calle Campos #786,roberto.406@gfs.mx,5593182506,45997.07,Diseñador,Calidad,2013-02-24,Domingo,STIDC
S,EMP1407,Sandra Soto Lara,1974-12-13,Calle Pérez #350,sandra.407@gfs.mx,5557665946,59793.03,Contador,Logística,2017-04-14,Domingo,STRM
S,EMP1408,Sandra García Rivera,1987-02-02,Calle Torres #842,sandra.408@gfs.mx,5564923338,16417.69,Consultor,Producción,2009-03-17,Sábado,SNTSS
S,EMP1409,Arturo Vargas Muñoz,2000-01-20,Calle Jiménez #734,arturo.409@gfs.mx,5555356673,16465.94,Supervisor,Recursos Humanos,2019-03-16,Sábado,SNTSS
S,EMP1410,Mariana Muñoz Lara,1991-06-09,Calle Romero #138,mariana.410@gfs.mx,5576951647,10260.26,Diseñador,Recursos Humanos,2017-05-30,Domingo,SNTSS
S,EMP1411,Ignacio Alvarez Romero,2000-01-15,Calle Morales #709,ignacio.411@gfs.mx,5587652255,20419.02,Auditor,Contabilidad,2007-04-29,Domingo,STRM
S,EMP1412,Berenice Mejía Ramos,1987-08-13,Calle Vega #429,berenice.412@gfs.mx,5591737749,64954.61,Contador,Producción,2011-02-20,Domingo,CTM
S,EMP1413,Gabriela Díaz Torres,1971-03-14,Calle Rojas #617,gabriela.413@gfs.mx,5578759020,27934.79,Diseñador,Operaciones,2024-04-21,Domingo,STRM
S,EMP1414,Gerardo Campos Fuentes,1974-10-01,Calle Jiménez #215,gerardo.414@gfs.mx,5593774355,52863.07,Desarrollador,Administración,2020-01-31,Sábado,STRM
S,EMP1415,Ernesto Morales Romero,1989-05-03,Calle Palacios #653,ernesto.415@gfs.mx,5553269298,52621.16,Contador,Administración,2017-08-12,Domingo,CROM
S,EMP1416,Yolanda Lara Salinas,1983-09-23,Calle Mora #766,yolanda.416@gfs.mx,5581659221,27155.68,Auditor,Marketing,2023-02-17,Sábado,CROM
S,EMP1417,Sandra López Vega,1971-07-10,Calle Martínez #687,sandra.417@gfs.mx,5517597364,21994.15,Contador,Contabilidad,2011-06-06,Domingo,SUTERM
S,EMP1418,Roberto Palacios Castillo,1974-02-25,Calle Soto #555,roberto.418@gfs.mx,5514336089,31520.95,Asistente,Sistemas,2018-10-27,Sábado,STRM
S,EMP1419,Ernesto Campos Vega,1975-08-29,Calle Romero #804,ernesto.419@gfs.mx,5548606206,51576.16,Analista,Marketing,2013-09-10,Domingo,SNTSS
S,EMP1420,Víctor Ramos Campos,1967-06-01,Calle Pérez #762,víctor.420@gfs.mx,5543734435,22185.23,Auditor,Finanzas,2023-08-14,Sábado,STRM
S,EMP1421,Salvador Salinas Ríos,1981-07-01,Calle Soto #603,salvador.421@gfs.mx,5583365441,54307.0,Coordinador,Soporte Técnico,2009-05-05,Domingo,CROC
S,EMP1422,Javier Mora Rodríguez,1973-05-22,Calle Morales #753,javier.422@gfs.mx,5578967357,17161.23,Analista,Marketing,2011-04-06,Domingo,SUTERM
S,EMP1423,Valeria Delgado Mendoza,1965-04-03,Calle Herrera #478,valeria.423@gfs.mx,5530777669,12396.44,Representante,Administración,2018-05-22,Sábado,SNTSS
S,EMP1424,Liliana Santiago Lara,1978-07-06,Calle Ruiz #809,liliana.424@gfs.mx,5586863404,43009.61,Técnico,Soporte Técnico,2012-02-17,Sábado,SUTERM
S,EMP1425,Enrique Rodríguez Romero,1972-02-25,Calle Rojas #557,enrique.425@gfs.mx,5582079745,34205.02,Especialista,Producción,2024-10-24,Sábado,STRM
S,EMP1426,Jorge Herrera Aguilar,1978-03-03,Calle Vargas #974,jorge.426@gfs.mx,5592984217,41829.93,Gestor,Calidad,2005-03-14,Sábado,STRM
S,EMP1427,Claudia Díaz Cruz,1993-10-23,Calle Santiago #941,claudia.427@gfs.mx,5593366885,24629.63,Analista,Calidad,2024-11-12,Domingo,CROC
S,EMP1428,Eduardo Vega Mendoza,1989-03-27,Calle Figueroa #290,eduardo.428@gfs.mx,5513315946,64680.16,Auditor,Administración,2016-07-15,Domingo,CROC
S,EMP1429,Lucía Castillo Ríos,1973-08-21,Calle Ramos #527,lucía.429@gfs.mx,5521052218,66892.71,Auxiliar,Operaciones,2016-12-17,Sábado,STRM
S,EMP1430,Patricia Vargas Lara,1993-03-28,Calle Ibarra #219,patricia.430@gfs.mx,5566936428,60139.9,Coordinador,Operaciones,2023-08-04,Domingo,STRM
S,EMP1431,Patricia Cervantes Mora,1971-11-25,Calle López #471,patricia.431@gfs.mx,5554522084,12273.18,Técnico,Recursos Humanos,2008-12-29,Domingo,CROM
S,EMP1432,Patricia Espinoza Reyes,1976-08-08,Calle Rojas #398,patricia.432@gfs.mx,5570549061,47813.04,Supervisor,Administración,2005-05-19,Domingo,STRM
S,EMP1433,Eduardo Guerrero Pérez,1993-10-10,Calle Figueroa #634,eduardo.433@gfs.mx,5518487605,55357.64,Consultor,Recursos Humanos,2020-09-20,Sábado,CTM
S,EMP1434,Adriana Sánchez Castillo,2000-04-19,Calle Mora #309,adriana.434@gfs.mx,5591411889,15190.31,Contador,Finanzas,2013-07-22,Domingo,SNTSS
S,EMP1435,Norma López Alvarez,1972-01-06,Calle Guerrero #226,norma.435@gfs.mx,5528304809,54805.23,Contador,Operaciones,2011-08-14,Sábado,CTM
S,EMP1436,Víctor Figueroa Ríos,1981-09-27,Calle Pérez #567,víctor.436@gfs.mx,5584500200,18482.43,Analista,Recursos Humanos,2017-11-05,Domingo,CROM
S,EMP1437,Daniel González Gutiérrez,1974-06-04,Calle Cervantes #760,daniel.437@gfs.mx,5556150987,22704.22,Representante,Calidad,2024-02-06,Sábado,SUTERM
S,EMP1438,Javier Reyes Santiago,1976-05-03,Calle Jiménez #118,javier.438@gfs.mx,5534341456,50258.67,Consultor,Recursos Humanos,2024-02-05,Domingo,STRM
S,EMP1439,Daniel Rodríguez Castillo,1995-02-17,Calle Rodríguez #257,daniel.439@gfs.mx,5523180503,21845.06,Consultor,Finanzas,2012-06-03,Domingo,SUTERM
S,EMP1440,Norma Ríos Cruz,1969-06-28,Calle Castillo #635,norma.440@gfs.mx,5519369589,64007.12,Especialista,Finanzas,2015-02-09,Domingo,CROM
S,EMP1441,Norma Gutiérrez Palacios,1991-03-17,Calle Flores #580,norma.441@gfs.mx,5586082915,31869.61,Especialista,Marketing,2008-10-13,Sábado,CTM
S,EMP1442,Héctor Reyes Salinas,1998-03-10,Calle Ríos #447,héctor.442@gfs.mx,5547135338,60406.6,Auxiliar,Calidad,2021-06-10,Domingo,CROC
S,EMP1443,Pablo Díaz Medina,1999-10-03,Calle Gutiérrez #499,pablo.443@gfs.mx,5584044139,16529.96,Desarrollador,Ventas,2006-11-03,Domingo,SNTSS
S,EMP1444,Diana Guerrero Jiménez,1976-10-22,Calle Figueroa #908,diana.444@gfs.mx,5594103363,14587.74,Técnico,Recursos Humanos,2024-01-21,Sábado,SNTSS
S,EMP1445,Ignacio Delgado Chavez,1999-07-04,Calle Delgado #218,ignacio.445@gfs.mx,5514919926,43095.64,Gestor,Operaciones,2015-08-04,Sábado,CTM
S,EMP1446,Arturo Reyes Ibarra,1991-06-14,Calle Figueroa #878,arturo.446@gfs.mx,5549057246,18032.88,Gestor,Operaciones,2007-01-12,Domingo,CTM
S,EMP1447,Adriana Pérez Lara,1975-09-19,Calle Santiago #701,adriana.447@gfs.mx,5532259144,55432.36,Auxiliar,Finanzas,2008-07-28,Sábado,CROM
S,EMP1448,Yolanda Lara Flores,1998-01-05,Calle Figueroa #496,yolanda.448@gfs.mx,5558156722,12425.19,Contador,Finanzas,2010-03-14,Sábado,CTM
S,EMP1449,Raúl Reyes García,1994-12-29,Calle Vargas #531,raúl.449@gfs.mx,5558486337,33285.59,Representante,Finanzas,2024-10-09,Sábado,STIDC
S,EMP1450,Ernesto Ramos Sánchez,1996-07-27,Calle Contreras #649,ernesto.450@gfs.mx,5546707919,60092.34,Operador,Ventas,2017-03-18,Sábado,CROC
S,EMP1451,Ernesto Vega Aguilar,1991-05-13,Calle Ríos #920,ernesto.451@gfs.mx,5520447168,40999.77,Supervisor,Producción,2016-08-01,Domingo,CTM
S,EMP1452,Claudia Ruiz Alvarez,1992-02-08,Calle Pérez #514,claudia.452@gfs.mx,5528652010,36393.92,Coordinador,Sistemas,2016-07-17,Domingo,SUTERM
S,EMP1453,Fernando Morales Rivera,1981-04-01,Calle Mejía #735,fernando.453@gfs.mx,5525882013,49666.58,Supervisor,Administración,2021-02-26,Sábado,CROC
S,EMP1454,Víctor Alvarez Alvarez,1974-06-15,Calle Delgado #166,víctor.454@gfs.mx,5596873663,60001.9,Analista,Producción,2005-12-20,Sábado,CROM
S,EMP1455,Ignacio Rivera Torres,1993-03-29,Calle Romero #41,ignacio.455@gfs.mx,5586808685,18811.91,Auxiliar,Logística,2009-01-14,Domingo,CROM
S,EMP1456,Yolanda Fuentes López,1997-04-12,Calle Figueroa #678,yolanda.456@gfs.mx,5548044635,66835.23,Coordinador,Finanzas,2018-08-09,Domingo,SNTSS
S,EMP1457,Esperanza Rivera Reyes,1983-06-06,Calle Mejía #147,esperanza.457@gfs.mx,5588201440,59227.19,Auxiliar,Ventas,2019-10-18,Domingo,SUTERM
S,EMP1458,Irene Mora Herrera,1985-05-05,Calle Mejía #605,irene.458@gfs.mx,5519239937,23788.83,Supervisor,Contabilidad,2007-06-09,Sábado,SUTERM
S,EMP1459,Enrique Romero Mora,1983-10-31,Calle Flores #621,enrique.459@gfs.mx,5522924976,20645.33,Representante,Ventas,2018-06-15,Sábado,SNTSS
S,EMP1460,Silvia Romero Soto,1970-04-10,Calle González #494,silvia.460@gfs.mx,5598502178,17819.73,Consultor,Operaciones,2023-07-25,Sábado,SNTSS
S,EMP1461,Víctor Ríos Núñez,1988-06-02,Calle Rojas #380,víctor.461@gfs.mx,5515830187,51858.57,Supervisor,Producción,2022-12-30,Domingo,SNTSS
S,EMP1462,Hugo Vega Medina,1991-06-04,Calle Cervantes #930,hugo.462@gfs.mx,5587325627,15863.01,Auxiliar,Logística,2015-09-14,Sábado,SNTSS
S,EMP1463,Miguel Castillo Mejía,1989-05-23,Calle Rojas #264,miguel.463@gfs.mx,5535369971,10328.17,Diseñador,Recursos Humanos,2017-12-18,Sábado,CROM
S,EMP1464,Ana Vega Ríos,1974-03-20,Calle Palacios #824,ana.464@gfs.mx,5552399610,34530.7,Técnico,Contabilidad,2014-07-23,Domingo,CTM
S,EMP1465,Silvia Núñez Espinoza,1981-05-27,Calle Santiago #283,silvia.465@gfs.mx,5563345392,55298.31,Supervisor,Operaciones,2022-07-31,Domingo,SUTERM
S,EMP1466,Raúl Campos Campos,1986-09-13,Calle Mendoza #315,raúl.466@gfs.mx,5587531025,30661.38,Diseñador,Marketing,2021-07-03,Sábado,SNTSS
S,EMP1467,Norma Ramírez Cervantes,1975-04-23,Calle Díaz #802,norma.467@gfs.mx,5531715773,16016.72,Gestor,Marketing,2022-08-19,Domingo,SNTSS
S,EMP1468,Daniel Santiago Palacios,1995-09-16,Calle Salinas #54,daniel.468@gfs.mx,5531573890,33346.22,Desarrollador,Recursos Humanos,2023-01-16,Sábado,SNTSS
S,EMP1469,Fernando Alvarez Mejía,1984-07-13,Calle González #66,fernando.469@gfs.mx,5545311610,23306.21,Técnico,Ventas,2005-11-06,Domingo,CROC
S,EMP1470,Alfredo Ríos Contreras,1977-11-07,Calle Salinas #987,alfredo.470@gfs.mx,5590191410,13447.78,Contador,Contabilidad,2019-05-13,Domingo,CROC
S,EMP1471,Ana Jiménez Lara,1988-03-30,Calle Castillo #200,ana.471@gfs.mx,5514510970,57037.57,Gestor,Operaciones,2020-08-31,Sábado,CROM
S,EMP1472,Valeria Mora García,1981-02-19,Calle Cruz #671,valeria.472@gfs.mx,5510038556,68538.75,Técnico,Logística,2022-06-28,Domingo,CTM
S,EMP1473,Norma Chavez Chavez,1991-04-17,Calle Jiménez #531,norma.473@gfs.mx,5512062459,54215.53,Técnico,Sistemas,2017-04-30,Domingo,STRM
S,EMP1474,Daniel Delgado Medina,1980-08-03,Calle Ortiz #232,daniel.474@gfs.mx,5591384718,67783.43,Asistente,Marketing,2017-11-23,Sábado,CTM
S,EMP1475,Javier Rojas Romero,1969-10-11,Calle Campos #75,javier.475@gfs.mx,5577534222,27655.11,Técnico,Operaciones,2010-10-13,Domingo,STRM
S,EMP1476,Mariana Vega Espinoza,1986-09-11,Calle Ibarra #250,mariana.476@gfs.mx,5555588495,67674.32,Asistente,Calidad,2015-05-03,Sábado,CROC
S,EMP1477,Eduardo Mendoza Rodríguez,1982-03-02,Calle Fuentes #808,eduardo.477@gfs.mx,5539579214,50614.78,Coordinador,Administración,2014-04-02,Domingo,CROM
S,EMP1478,Silvia Pérez Palacios,1976-10-24,Calle Cruz #295,silvia.478@gfs.mx,5522483514,33935.84,Diseñador,Administración,2006-09-15,Sábado,CROC
S,EMP1479,Fernanda Medina Vargas,1990-09-26,Calle Ortiz #188,fernanda.479@gfs.mx,5535523849,39939.96,Coordinador,Producción,2021-06-30,Sábado,SNTSS
S,EMP1480,Mónica Vargas Reyes,1974-02-05,Calle Cruz #857,mónica.480@gfs.mx,5593026670,31361.64,Contador,Sistemas,2007-09-10,Sábado,STRM
S,EMP1481,Norma Ruiz Santiago,1965-04-19,Calle Soto #878,norma.481@gfs.mx,5582675403,67479.59,Auditor,Finanzas,2013-04-29,Domingo,CROC
S,EMP1482,Yolanda Ortiz Ruiz,1973-03-16,Calle Soto #938,yolanda.482@gfs.mx,5578603195,26816.0,Coordinador,Ventas,2007-11-17,Sábado,CROM
S,EMP1483,Sergio Alvarez Guerrero,1966-06-18,Calle Romero #356,sergio.483@gfs.mx,5562843790,61624.01,Contador,Contabilidad,2015-04-04,Sábado,STRM
S,EMP1484,Enrique Muñoz Ramos,1995-12-02,Calle Pérez #13,enrique.484@gfs.mx,5538286706,32765.68,Técnico,Administración,2013-02-10,Domingo,SUTERM
S,EMP1485,Daniel Mendoza Cruz,1977-01-31,Calle Alvarez #982,daniel.485@gfs.mx,5592286747,30585.79,Auxiliar,Finanzas,2014-07-05,Sábado,CROC
S,EMP1486,Ángela Soto Aguilar,1981-05-18,Calle Chavez #287,ángela.486@gfs.mx,5570495821,20793.35,Auxiliar,Ventas,2020-05-21,Sábado,SNTSS
S,EMP1487,Sandra Figueroa Ortiz,1975-07-31,Calle Campos #443,sandra.487@gfs.mx,5561121302,21763.79,Contador,Soporte Técnico,2008-05-10,Domingo,SNTSS
S,EMP1488,Ana Morales Rojas,1987-05-31,Calle Torres #915,ana.488@gfs.mx,5594644676,41020.42,Diseñador,Administración,2022-08-13,Domingo,CTM
S,EMP1489,Mónica Campos Espinoza,1967-02-21,Calle Chavez #102,mónica.489@gfs.mx,5531923376,13602.18,Auditor,Logística,2015-09-09,Sábado,CROC
S,EMP1490,Gerardo Herrera Mendoza,1981-03-12,Calle Aguilar #574,gerardo.490@gfs.mx,5584825240,65910.67,Operador,Administración,2005-06-12,Domingo,STIDC
S,EMP1491,Claudia Mora Mejía,1973-12-04,Calle Espinoza #590,claudia.491@gfs.mx,5597223468,48947.86,Auxiliar,Logística,2012-12-19,Domingo,STRM
S,EMP1492,Adriana Ruiz Ibarra,1998-01-15,Calle Díaz #911,adriana.492@gfs.mx,5520523679,32864.26,Operador,Finanzas,2019-03-03,Sábado,SNTSS
S,EMP1493,Valeria Fuentes Herrera,1983-12-04,Calle Fuentes #628,valeria.493@gfs.mx,5586723896,34286.36,Representante,Sistemas,2006-10-11,Sábado,CTM
S,EMP1494,Sofía Ramos Ramos,1994-04-17,Calle Castillo #728,sofía.494@gfs.mx,5545899536,46323.1,Supervisor,Logística,2024-11-28,Domingo,SNTSS
S,EMP1495,Raúl Cervantes Delgado,1988-05-15,Calle Díaz #424,raúl.495@gfs.mx,5532457056,21033.17,Analista,Contabilidad,2021-04-28,Sábado,STRM
S,EMP1496,Mónica Cervantes Palacios,1998-08-19,Calle González #216,mónica.496@gfs.mx,5532402343,33822.73,Técnico,Sistemas,2024-09-16,Domingo,CROM
S,EMP1497,Roberto López Ibarra,1982-10-23,Calle Contreras #784,roberto.497@gfs.mx,5521173787,16235.7,Consultor,Contabilidad,2006-11-22,Domingo,CTM
S,EMP1498,Sofía Cruz Cervantes,1977-09-30,Calle Díaz #642,sofía.498@gfs.mx,5526966692,17876.63,Auditor,Contabilidad,2005-08-23,Sábado,STRM
S,EMP1499,Claudia Ramos Alvarez,1985-12-16,Calle Guerrero #958,claudia.499@gfs.mx,5546562845,42912.72,Auxiliar,Soporte Técnico,2017-02-04,Sábado,CROM
S,EMP1500,Berenice Muñoz Fuentes,1998-08-06,Calle Fuentes #899,berenice.500@gfs.mx,5585696716,36098.64,Desarrollador,Calidad,2016-12-21,Domingo,CTM
C,EMP1501,Esperanza Guerrero Reyes,1969-01-07,Calle Díaz #316,esperanza.501@gfs.mx,5559094606,34732.23,Auxiliar,Logística,2005-03-28,Sábado,directivo,completa
C,EMP1502,Claudia Castillo Alvarez,1989-01-02,Calle Pérez #705,claudia.502@gfs.mx,5576025948,66817.45,Asistente,Logística,2005-03-16,Domingo,senior,completa
C,EMP1503,Ana Campos Aguilar,1973-06-17,Calle Rojas #904,ana.503@gfs.mx,5585236332,36226.38,Coordinador,Contabilidad,2021-01-13,Domingo,senior,completa
C,EMP1504,Mónica González Núñez,1993-01-19,Calle Cruz #530,mónica.504@gfs.mx,5592304487,58454.5,Desarrollador,Logística,2011-05-22,Domingo,senior,completa
C,EMP1505,Patricia Morales Torres,1977-12-28,Calle Ramírez #653,patricia.505@gfs.mx,5571115104,47063.76,Operador,Soporte Técnico,2018-12-20,Domingo,junior,medio_tiempo
C,EMP1506,Carlos Flores Martínez,1988-12-30,Calle López #191,carlos.506@gfs.mx,5523726915,26926.87,Auxiliar,Soporte Técnico,2014-11-01,Sábado,junior,completa
C,EMP1507,Fernando Pérez Ruiz,1974-09-29,Calle Herrera #431,fernando.507@gfs.mx,5551819114,57143.52,Asistente,Administración,2015-05-27,Sábado,senior,completa
C,EMP1508,Alicia Flores Martínez,1976-12-15,Calle Ibarra #402,alicia.508@gfs.mx,5519581091,42591.52,Auxiliar,Producción,2023-11-16,Domingo,senior,completa
C,EMP1509,Eduardo Ibarra Salinas,1976-03-02,Calle Vega #790,eduardo.509@gfs.mx,5569453211,24829.73,Analista,Producción,2015-05-04,Sábado,directivo,completa
C,EMP1510,Esperanza Vega Mora,1979-01-01,Calle Ramos #163,esperanza.510@gfs.mx,5594444996,53694.22,Diseñador,Operaciones,2016-09-07,Sábado,senior,medio_tiempo
C,EMP1511,Liliana Gutiérrez Jiménez,1981-03-03,Calle Martínez #885,liliana.511@gfs.mx,5599482259,23067.29,Técnico,Producción,2019-03-13,Domingo,senior,completa
C,EMP1512,Valeria Ortiz Delgado,1970-05-15,Calle Chavez #809,valeria.512@gfs.mx,5542626898,10535.79,Analista,Ventas,2022-07-29,Domingo,directivo,completa
C,EMP1513,Raúl Ibarra González,1976-02-28,Calle Rivera #512,raúl.513@gfs.mx,5522267708,51156.68,Especialista,Calidad,2006-05-07,Sábado,senior,completa
C,EMP1514,Ángela Guerrero Sánchez,1970-08-24,Calle Ruiz #239,ángela.514@gfs.mx,5552512063,68900.54,Contador,Calidad,2021-12-21,Domingo,senior,completa
C,EMP1515,Carlos Palacios Vega,1981-01-25,Calle Figueroa #138,carlos.515@gfs.mx,5543647879,63919.78,Asistente,Soporte Técnico,2014-10-25,Domingo,directivo,medio_tiempo
C,EMP1516,Karla Espinoza Morales,1989-05-21,Calle Medina #332,karla.516@gfs.mx,5572866875,26519.47,Auditor,Ventas,2024-04-20,Sábado,junior,completa
C,EMP1517,Mariana Castillo Mendoza,1989-04-18,Calle Aguilar #465,mariana.517@gfs.mx,5510096613,56555.07,Gestor,Marketing,2021-06-16,Sábado,junior,medio_tiempo
C,EMP1518,Hugo Santiago Cruz,1979-05-22,Calle Figueroa #65,hugo.518@gfs.mx,5598354109,68029.79,Auditor,Marketing,2009-04-05,Domingo,directivo,completa
C,EMP1519,Alfredo Castillo Ramos,1983-05-21,Calle Ríos #330,alfredo.519@gfs.mx,5524826245,15775.38,Desarrollador,Sistemas,2005-12-25,Sábado,junior,completa
C,EMP1520,Karla Sánchez Ruiz,1973-08-06,Calle Sánchez #33,karla.520@gfs.mx,5586639957,48505.1,Supervisor,Calidad,2015-12-28,Domingo,junior,medio_tiempo
C,EMP1521,Sofía Mejía Salinas,1968-03-07,Calle Pérez #953,sofía.521@gfs.mx,5538016352,49344.96,Representante,Sistemas,2015-07-02,Sábado,senior,medio_tiempo
C,EMP1522,Raúl Salinas Martínez,1992-09-03,Calle Ortiz #542,raúl.522@gfs.mx,5515456373,54058.02,Auditor,Logística,2006-10-01,Sábado,directivo,completa
C,EMP1523,Sandra Figueroa Reyes,1988-11-06,Calle Vega #195,sandra.523@gfs.mx,5535920053,41571.52,Coordinador,Ventas,2019-01-10,Sábado,directivo,medio_tiempo
C,EMP1524,Gerardo Sánchez Ibarra,1993-08-25,Calle Espinoza #367,gerardo.524@gfs.mx,5571568435,52153.02,Supervisor,Sistemas,2008-09-28,Sábado,directivo,medio_tiempo
C,EMP1525,Adriana Herrera Lara,1972-02-05,Calle Guerrero #615,adriana.525@gfs.mx,5569460086,66011.2,Representante,Administración,2017-05-04,Domingo,senior,medio_tiempo
C,EMP1526,Alicia Fuentes Núñez,1997-07-24,Calle Ramos #624,alicia.526@gfs.mx,5542309234,43788.68,Coordinador,Marketing,2022-03-05,Domingo,senior,medio_tiempo
C,EMP1527,Mariana Chavez Pérez,1997-07-31,Calle García #292,mariana.527@gfs.mx,5589961933,10978.15,Auxiliar,Logística,2005-02-23,Domingo,junior,completa
C,EMP1528,Fernanda López Ibarra,1995-12-10,Calle Ortiz #942,fernanda.528@gfs.mx,5584311410,40676.29,Consultor,Ventas,2008-06-21,Sábado,junior,medio_tiempo
C,EMP1529,Claudia Flores Torres,1976-11-20,Calle Aguilar #911,claudia.529@gfs.mx,5588135616,24991.41,Operador,Logística,2007-01-23,Domingo,directivo,completa
C,EMP1530,Irene Rodríguez Figueroa,1979-07-26,Calle Alvarez #178,irene.530@gfs.mx,5575535348,59542.31,Diseñador,Soporte Técnico,2017-12-04,Sábado,directivo,medio_tiempo
C,EMP1531,Lucía Figueroa Espinoza,1982-02-12,Calle González #799,lucía.531@gfs.mx,5517505818,65312.29,Especialista,Administración,2024-09-25,Domingo,senior,completa
C,EMP1532,Hugo Reyes Cervantes,1994-04-14,Calle Mejía #951,hugo.532@gfs.mx,5511534696,48033.23,Desarrollador,Marketing,2006-03-20,Domingo,directivo,completa
C,EMP1533,Fernanda Guerrero Espinoza,1971-09-17,Calle Ramos #515,fernanda.533@gfs.mx,5539634895,19191.85,Desarrollador,Soporte Técnico,2013-10-24,Domingo,directivo,completa
C,EMP1534,Sofía Núñez Castillo,2000-04-10,Calle Chavez #152,sofía.534@gfs.mx,5527742113,30170.09,Asistente,Ventas,2021-09-19,Sábado,directivo,medio_tiempo
C,EMP1535,Mónica González Chavez,1987-07-06,Calle Núñez #793,mónica.535@gfs.mx,5527498659,55721.98,Asistente,Operaciones,2009-06-11,Domingo,senior,completa
C,EMP1536,Daniel Santiago Cervantes,1988-07-08,Calle Cruz #249,daniel.536@gfs.mx,5519615892,25975.43,Supervisor,Administración,2020-05-11,Sábado,junior,medio_tiempo
C,EMP1537,Sergio Aguilar Medina,1973-07-18,Calle Ramos #353,sergio.537@gfs.mx,5589708841,49324.59,Contador,Logística,2008-10-18,Domingo,directivo,medio_tiempo
C,EMP1538,Alfredo Flores Díaz,1967-01-06,Calle Reyes #205,alfredo.538@gfs.mx,5560173377,19359.47,Diseñador,Sistemas,2007-07-10,Sábado,junior,completa
C,EMP1539,Gabriela Pérez Herrera,1996-02-15,Calle Ramírez #313,gabriela.539@gfs.mx,5570406241,38271.42,Especialista,Producción,2021-08-07,Sábado,junior,medio_tiempo
C,EMP1540,Daniel Alvarez Santiago,1997-09-29,Calle Flores #712,daniel.540@gfs.mx,5599692417,11103.31,Consultor,Calidad,2016-10-25,Sábado,senior,completa
C,EMP1541,Roberto Castillo Jiménez,2000-05-27,Calle Palacios #633,roberto.541@gfs.mx,5546410780,13185.11,Desarrollador,Recursos Humanos,2006-06-30,Domingo,directivo,medio_tiempo
C,EMP1542,Norma Lara Aguilar,1969-11-03,Calle López #300,norma.542@gfs.mx,5597162488,33191.39,Supervisor,Operaciones,2020-12-01,Sábado,senior,medio_tiempo
C,EMP1543,Berenice Guerrero González,1973-05-13,Calle Jiménez #513,berenice.543@gfs.mx,5571469875,43641.25,Diseñador,Recursos Humanos,2005-11-22,Sábado,directivo,medio_tiempo
C,EMP1544,Jorge Ruiz Chavez,1998-05-24,Calle Rivera #19,jorge.544@gfs.mx,5556544010,51058.68,Especialista,Calidad,2011-10-13,Sábado,directivo,medio_tiempo
C,EMP1545,Roberto Fuentes Mendoza,1982-05-15,Calle López #967,roberto.545@gfs.mx,5584482698,66946.99,Coordinador,Contabilidad,2012-08-31,Domingo,directivo,completa
C,EMP1546,Miguel Figueroa Vega,1988-05-11,Calle Mora #628,miguel.546@gfs.mx,5593956490,51191.4,Supervisor,Producción,2017-11-07,Sábado,senior,medio_tiempo
C,EMP1547,Berenice Herrera Díaz,1989-04-28,Calle Torres #212,berenice.547@gfs.mx,5597573396,18314.59,Gestor,Calidad,2022-12-12,Sábado,junior,medio_tiempo
C,EMP1548,Ángela Salinas Contreras,1971-01-25,Calle Núñez #931,ángela.548@gfs.mx,5529482024,49373.91,Consultor,Contabilidad,2012-02-14,Sábado,directivo,completa
C,EMP1549,Javier Ramos Flores,1997-08-13,Calle López #784,javier.549@gfs.mx,5552773504,62807.91,Supervisor,Marketing,2011-10-22,Domingo,directivo,medio_tiempo
C,EMP1550,Fernando Ibarra Jiménez,1969-10-16,Calle Torres #190,fernando.550@gfs.mx,5513516265,55746.85,Consultor,Ventas,2010-12-27,Sábado,directivo,completa
C,EMP1551,Sofía Mora López,1981-02-12,Calle González #705,sofía.551@gfs.mx,5573968467,18045.2,Auditor,Ventas,2015-07-08,Domingo,junior,medio_tiempo
C,EMP1552,Gustavo Alvarez Torres,1972-05-07,Calle Jiménez #232,gustavo.552@gfs.mx,5514325777,34515.35,Analista,Logística,2014-04-07,Sábado,directivo,completa
C,EMP1553,Alicia Vargas Rodríguez,1972-12-11,Calle Díaz #888,alicia.553@gfs.mx,5592820305,39396.57,Especialista,Finanzas,2024-11-28,Sábado,senior,medio_tiempo
C,EMP1554,Hugo García Mejía,1997-12-26,Calle Vega #738,hugo.554@gfs.mx,5551996390,33649.04,Diseñador,Ventas,2018-04-27,Sábado,directivo,completa
C,EMP1555,Mariana Muñoz García,1976-01-09,Calle Contreras #551,mariana.555@gfs.mx,5563098035,69029.84,Analista,Operaciones,2013-09-09,Sábado,junior,medio_tiempo
C,EMP1556,Mariana Chavez Gutiérrez,1999-09-15,Calle Castillo #473,mariana.556@gfs.mx,5532345453,35347.73,Consultor,Recursos Humanos,2020-06-23,Sábado,senior,medio_tiempo
C,EMP1557,Miguel Figueroa Romero,1970-01-29,Calle Morales #798,miguel.557@gfs.mx,5588577462,66270.55,Diseñador,Operaciones,2008-01-14,Domingo,senior,medio_tiempo
C,EMP1558,Mariana López Morales,1985-05-09,Calle Delgado #919,mariana.558@gfs.mx,5537102854,62952.91,Técnico,Logística,2012-04-08,Sábado,directivo,completa
C,EMP1559,Miguel Ramírez Salinas,1985-02-27,Calle Fuentes #372,miguel.559@gfs.mx,5521449650,41429.04,Supervisor,Soporte Técnico,2022-09-29,Sábado,senior,medio_tiempo
C,EMP1560,Lucía Ibarra Rivera,1980-01-14,Calle Espinoza #893,lucía.560@gfs.mx,5598520663,61760.35,Auxiliar,Contabilidad,2009-01-05,Sábado,senior,medio_tiempo
C,EMP1561,Alejandro Figueroa Ibarra,1985-01-07,Calle Castillo #642,alejandro.561@gfs.mx,5534252610,17053.24,Auxiliar,Producción,2005-01-29,Domingo,junior,medio_tiempo
C,EMP1562,Gustavo Ruiz Guerrero,1965-04-05,Calle Mejía #904,gustavo.562@gfs.mx,5576231992,24272.7,Consultor,Calidad,2015-09-03,Domingo,senior,medio_tiempo
C,EMP1563,Miguel Mejía Mejía,1965-04-18,Calle Cruz #904,miguel.563@gfs.mx,5583462947,26686.78,Desarrollador,Operaciones,2023-05-25,Sábado,junior,completa
C,EMP1564,Fernando Martínez Ríos,1980-08-28,Calle García #149,fernando.564@gfs.mx,5514352961,50019.79,Auditor,Ventas,2011-09-11,Domingo,junior,completa
C,EMP1565,Sandra Rojas Morales,1972-03-28,Calle Mora #292,sandra.565@gfs.mx,5592019078,49655.48,Diseñador,Ventas,2017-11-02,Sábado,senior,medio_tiempo
C,EMP1566,Lucía González Ibarra,1978-06-05,Calle Ramos #378,lucía.566@gfs.mx,5560860378,59215.88,Contador,Marketing,2023-12-01,Sábado,senior,medio_tiempo
C,EMP1567,Diana Ramírez Palacios,1977-04-24,Calle Herrera #540,diana.567@gfs.mx,5565533646,41478.77,Diseñador,Producción,2018-09-23,Sábado,junior,completa
C,EMP1568,Esperanza Figueroa Palacios,1992-02-17,Calle Salinas #295,esperanza.568@gfs.mx,5567318164,46530.68,Especialista,Logística,2016-10-14,Domingo,junior,medio_tiempo
C,EMP1569,Enrique Figueroa Fuentes,1987-04-30,Calle Ruiz #828,enrique.569@gfs.mx,5534146739,63019.82,Coordinador,Soporte Técnico,2011-07-08,Sábado,junior,completa
C,EMP1570,Carlos Muñoz Fuentes,2000-09-27,Calle Ramírez #756,carlos.570@gfs.mx,5537827473,57973.86,Supervisor,Marketing,2006-01-08,Domingo,senior,completa
C,EMP1571,Ana Fuentes Jiménez,1995-12-15,Calle Castillo #261,ana.571@gfs.mx,5519104802,28466.35,Gestor,Operaciones,2012-04-07,Sábado,junior,medio_tiempo
C,EMP1572,Jorge Chavez Figueroa,1990-07-10,Calle Santiago #984,jorge.572@gfs.mx,5513908068,59922.57,Coordinador,Administración,2023-09-14,Domingo,directivo,medio_tiempo
C,EMP1573,Esperanza García Ríos,1971-02-03,Calle Alvarez #160,esperanza.573@gfs.mx,5594181424,37637.08,Auditor,Operaciones,2012-07-08,Domingo,senior,completa
C,EMP1574,Enrique Gutiérrez Espinoza,1997-07-09,Calle Mora #324,enrique.574@gfs.mx,5584514623,42153.13,Coordinador,Ventas,2020-05-17,Domingo,senior,completa
C,EMP1575,Fernando Ortiz López,1980-03-19,Calle Vega #642,fernando.575@gfs.mx,5581708931,60544.35,Consultor,Ventas,2013-09-27,Sábado,directivo,completa
C,EMP1576,Alicia Gutiérrez Salinas,1979-02-09,Calle Salinas #33,alicia.576@gfs.mx,5546439766,34832.17,Asistente,Producción,2013-05-03,Domingo,senior,completa
C,EMP1577,Enrique Gutiérrez Morales,1970-01-13,Calle Aguilar #804,enrique.577@gfs.mx,5515019076,56667.42,Representante,Sistemas,2014-12-15,Sábado,senior,completa
C,EMP1578,Karla Herrera Alvarez,1997-11-09,Calle Contreras #318,karla.578@gfs.mx,5553934556,18597.7,Auditor,Sistemas,2023-06-10,Sábado,junior,completa
C,EMP1579,Pablo Vega Salinas,1988-06-07,Calle Ramírez #5,pablo.579@gfs.mx,5551739205,65940.24,Desarrollador,Ventas,2024-07-22,Sábado,senior,medio_tiempo
C,EMP1580,Lucía Sánchez Contreras,1999-05-16,Calle Lara #764,lucía.580@gfs.mx,5551940463,11348.82,Contador,Logística,2019-05-01,Sábado,senior,completa
C,EMP1581,Karla Castillo Ortiz,1988-11-16,Calle Ramos #792,karla.581@gfs.mx,5569205536,50267.44,Operador,Contabilidad,2008-07-14,Domingo,junior,completa
C,EMP1582,Alfredo Campos Romero,1969-08-05,Calle Vargas #556,alfredo.582@gfs.mx,5557018904,42961.94,Operador,Contabilidad,2020-10-19,Domingo,directivo,completa
C,EMP1583,Valeria Rodríguez Gutiérrez,1992-07-05,Calle Herrera #554,valeria.583@gfs.mx,5569545378,13043.57,Analista,Finanzas,2020-02-25,Sábado,junior,medio_tiempo
C,EMP1584,Roberto González Núñez,1982-08-01,Calle Morales #722,roberto.584@gfs.mx,5590010054,63476.55,Desarrollador,Soporte Técnico,2020-09-08,Domingo,directivo,medio_tiempo
C,EMP1585,Alejandro Herrera Jiménez,1996-12-24,Calle Soto #687,alejandro.585@gfs.mx,5581603135,14712.74,Representante,Finanzas,2017-09-26,Sábado,junior,medio_tiempo
C,EMP1586,Sandra Muñoz Gutiérrez,1995-09-15,Calle Ríos #728,sandra.586@gfs.mx,5572464469,38232.75,Coordinador,Contabilidad,2024-04-25,Domingo,senior,medio_tiempo
C,EMP1587,Javier Palacios Lara,1979-10-27,Calle Ramos #465,javier.587@gfs.mx,5575432046,11815.85,Asistente,Sistemas,2012-11-19,Domingo,senior,completa
C,EMP1588,Gabriela Ibarra Medina,1992-02-12,Calle Espinoza #131,gabriela.588@gfs.mx,5578175850,16175.93,Auditor,Soporte Técnico,2022-11-15,Sábado,senior,completa
C,EMP1589,Alejandro Guerrero Muñoz,1982-12-24,Calle Delgado #424,alejandro.589@gfs.mx,5542021033,47252.49,Gestor,Contabilidad,2015-10-27,Domingo,junior,medio_tiempo
C,EMP1590,Andrés Palacios Delgado,1984-05-04,Calle Núñez #581,andrés.590@gfs.mx,5555929418,42671.61,Coordinador,Contabilidad,2019-11-12,Sábado,directivo,medio_tiempo
C,EMP1591,Eduardo Delgado Mejía,1985-10-07,Calle Ramos #569,eduardo.591@gfs.mx,5523106885,59321.38,Auxiliar,Logística,2014-02-07,Sábado,directivo,completa
C,EMP1592,Víctor Mejía Ibarra,1981-12-31,Calle Ramos #507,víctor.592@gfs.mx,5596568973,49609.89,Técnico,Producción,2023-04-30,Sábado,directivo,completa
C,EMP1593,Alicia Flores Lara,1971-09-11,Calle Díaz #545,alicia.593@gfs.mx,5549124904,33398.96,Consultor,Finanzas,2009-05-22,Sábado,directivo,medio_tiempo
C,EMP1594,Alejandro Espinoza Mora,1978-08-30,Calle Núñez #736,alejandro.594@gfs.mx,5556206415,69417.36,Consultor,Recursos Humanos,2018-09-19,Domingo,junior,medio_tiempo
C,EMP1595,Roberto Aguilar Campos,1967-05-21,Calle Pérez #721,roberto.595@gfs.mx,5585165988,59245.2,Especialista,Sistemas,2024-04-26,Domingo,junior,completa
C,EMP1596,Sergio Palacios Delgado,1982-09-08,Calle Fuentes #326,sergio.596@gfs.mx,5561377152,34361.96,Supervisor,Operaciones,2009-09-27,Sábado,senior,completa
C,EMP1597,Karla Campos Vega,1981-02-28,Calle Rojas #158,karla.597@gfs.mx,5548717904,69847.36,Desarrollador,Contabilidad,2008-01-06,Sábado,junior,completa
C,EMP1598,Fernando Figueroa Ruiz,1994-07-07,Calle Núñez #999,fernando.598@gfs.mx,5528223512,15079.81,Desarrollador,Marketing,2024-04-17,Domingo,directivo,medio_tiempo
C,EMP1599,Alfredo Morales Muñoz,1987-11-08,Calle Núñez #566,alfredo.599@gfs.mx,5570404120,33082.88,Coordinador,Contabilidad,2014-07-12,Sábado,directivo,medio_tiempo
C,EMP1600,Irene Cruz Salinas,1987-07-05,Calle Ortiz #421,irene.600@gfs.mx,5583305194,44581.14,Analista,Recursos Humanos,2017-09-29,Domingo,directivo,medio_tiempo
C,EMP1601,Eduardo Delgado Alvarez,1995-12-23,Calle González #146,eduardo.601@gfs.mx,5580653292,69014.75,Contador,Logística,2015-06-06,Sábado,directivo,completa
C,EMP1602,Héctor Alvarez Fuentes,1998-04-09,Calle Lara #984,héctor.602@gfs.mx,5599753695,14684.92,Desarrollador,Operaciones,2022-11-26,Domingo,directivo,completa
C,EMP1603,Jorge Guerrero Ibarra,1965-06-26,Calle Alvarez #465,jorge.603@gfs.mx,5578808477,64363.3,Consultor,Soporte Técnico,2012-06-08,Domingo,senior,medio_tiempo
C,EMP1604,Gabriela Rivera García,1996-03-06,Calle Mejía #768,gabriela.604@gfs.mx,5550811697,53618.3,Consultor,Logística,2006-05-19,Domingo,directivo,completa
C,EMP1605,Yolanda Martínez Lara,1978-02-02,Calle Cervantes #640,yolanda.605@gfs.mx,5513663887,27208.94,Técnico,Contabilidad,2016-05-04,Sábado,senior,medio_tiempo
C,EMP1606,Diana Santiago Ortiz,1977-05-07,Calle Mendoza #15,diana.606@gfs.mx,5524971907,46229.29,Representante,Ventas,2021-07-29,Sábado,directivo,medio_tiempo
C,EMP1607,Raúl Morales Mendoza,2000-02-07,Calle Palacios #242,raúl.607@gfs.mx,5575084661,20848.55,Gestor,Recursos Humanos,2012-09-09,Sábado,junior,completa
C,EMP1608,Gustavo Soto Rojas,1999-07-23,Calle Vega #244,gustavo.608@gfs.mx,5598673262,36411.1,Desarrollador,Contabilidad,2009-09-24,Domingo,junior,medio_tiempo
C,EMP1609,Alicia Ramírez Martínez,1972-07-08,Calle Muñoz #409,alicia.609@gfs.mx,5573918769,28082.03,Diseñador,Operaciones,2010-03-30,Domingo,directivo,medio_tiempo
C,EMP1610,Esperanza Mendoza Flores,1988-10-17,Calle Núñez #13,esperanza.610@gfs.mx,5548761035,65633.35,Asistente,Marketing,2020-03-21,Domingo,directivo,completa
C,EMP1611,Sandra Guerrero Fuentes,1980-11-15,Calle Núñez #626,sandra.611@gfs.mx,5597518806,61501.34,Especialista,Logística,2010-12-28,Sábado,senior,medio_tiempo
C,EMP1612,Pablo Ibarra Mora,1998-08-09,Calle Cruz #752,pablo.612@gfs.mx,5589017236,56229.84,Gestor,Administración,2020-03-14,Sábado,senior,completa
C,EMP1613,Víctor Pérez Rodríguez,1965-07-15,Calle Rojas #101,víctor.613@gfs.mx,5580499776,16234.44,Asistente,Administración,2009-12-03,Domingo,senior,completa
C,EMP1614,Lucía López Santiago,1969-02-15,Calle Martínez #962,lucía.614@gfs.mx,5589743930,49396.33,Auditor,Producción,2018-06-12,Sábado,directivo,completa
C,EMP1615,Miguel Mejía Torres,1981-11-12,Calle Lara #783,miguel.615@gfs.mx,5596960449,43964.13,Auxiliar,Sistemas,2020-08-08,Sábado,senior,medio_tiempo
C,EMP1616,Pablo Lara Rodríguez,1993-08-27,Calle Muñoz #945,pablo.616@gfs.mx,5547095573,56161.55,Diseñador,Calidad,2022-04-08,Domingo,senior,completa
C,EMP1617,Hugo Rodríguez Ortiz,1999-11-11,Calle Martínez #392,hugo.617@gfs.mx,5562155724,29959.28,Analista,Logística,2023-03-26,Domingo,junior,medio_tiempo
C,EMP1618,Patricia Ruiz Jiménez,1992-05-18,Calle Chavez #183,patricia.618@gfs.mx,5596635285,39523.44,Auxiliar,Operaciones,2022-03-30,Domingo,junior,completa
C,EMP1619,Mariana Salinas Mendoza,1969-08-20,Calle García #75,mariana.619@gfs.mx,5519450582,44280.67,Operador,Finanzas,2005-06-03,Domingo,junior,completa
C,EMP1620,Lucía Lara Vega,1976-12-14,Calle Flores #717,lucía.620@gfs.mx,5554269149,64277.05,Consultor,Recursos Humanos,2016-07-24,Domingo,senior,medio_tiempo
C,EMP1621,Arturo Figueroa Ibarra,2000-03-25,Calle Rodríguez #554,arturo.621@gfs.mx,5540312650,10198.44,Diseñador,Finanzas,2007-09-20,Domingo,senior,medio_tiempo
C,EMP1622,Arturo Martínez Fuentes,1994-01-10,Calle González #375,arturo.622@gfs.mx,5581756326,61200.52,Especialista,Sistemas,2023-11-13,Domingo,senior,completa
C,EMP1623,Javier Campos García,1982-03-27,Calle Lara #196,javier.623@gfs.mx,5550113698,51752.94,Representante,Sistemas,2019-02-23,Domingo,senior,completa
C,EMP1624,Liliana Díaz Cervantes,1973-07-02,Calle Torres #37,liliana.624@gfs.mx,5535916466,11521.88,Consultor,Producción,2015-12-22,Domingo,junior,medio_tiempo
C,EMP1625,Gustavo Guerrero Díaz,1965-09-26,Calle García #348,gustavo.625@gfs.mx,5517523501,30263.12,Diseñador,Recursos Humanos,2014-02-04,Sábado,junior,medio_tiempo
C,EMP1626,Víctor Guerrero Flores,1998-03-30,Calle Delgado #239,víctor.626@gfs.mx,5519668169,12212.66,Auxiliar,Finanzas,2019-09-01,Sábado,senior,completa
C,EMP1627,Héctor Palacios Ríos,1970-11-09,Calle Pérez #177,héctor.627@gfs.mx,5594914383,12997.48,Operador,Sistemas,2015-03-27,Sábado,directivo,completa
C,EMP1628,Sandra Ramírez Ruiz,1991-09-10,Calle Santiago #226,sandra.628@gfs.mx,5518470495,58267.21,Supervisor,Administración,2023-03-15,Domingo,senior,completa
C,EMP1629,Víctor Espinoza Guerrero,1971-03-01,Calle Ramos #857,víctor.629@gfs.mx,5538619492,55853.67,Consultor,Contabilidad,2012-07-11,Sábado,junior,medio_tiempo
C,EMP1630,Fernando Soto Rojas,1972-07-16,Calle Palacios #379,fernando.630@gfs.mx,5584277128,19900.37,Coordinador,Ventas,2005-11-30,Sábado,junior,medio_tiempo
C,EMP1631,Hugo Rivera López,1986-11-05,Calle González #7,hugo.631@gfs.mx,5510969588,20764.77,Técnico,Soporte Técnico,2019-08-15,Domingo,senior,medio_tiempo
C,EMP1632,Ángela Torres Vargas,1971-06-03,Calle Fuentes #278,ángela.632@gfs.mx,5580207530,37025.15,Coordinador,Contabilidad,2018-09-11,Sábado,directivo,completa
C,EMP1633,Salvador Ruiz Santiago,1968-12-13,Calle Fuentes #847,salvador.633@gfs.mx,5550426348,30871.21,Analista,Operaciones,2010-04-15,Sábado,junior,completa
C,EMP1634,Alfredo Aguilar Soto,1989-03-18,Calle Romero #225,alfredo.634@gfs.mx,5572306017,56219.88,Desarrollador,Producción,2011-03-15,Sábado,junior,completa
C,EMP1635,Fernando Mora Alvarez,1987-04-27,Calle Morales #164,fernando.635@gfs.mx,5599945021,65360.38,Analista,Calidad,2013-03-03,Domingo,junior,medio_tiempo
C,EMP1636,Mónica Herrera Santiago,1999-01-08,Calle Muñoz #45,mónica.636@gfs.mx,5524015162,54425.01,Representante,Operaciones,2008-12-11,Sábado,junior,medio_tiempo
C,EMP1637,Adriana Ramírez Rodríguez,1975-07-23,Calle Figueroa #456,adriana.637@gfs.mx,5589551741,44785.71,Supervisor,Producción,2021-10-04,Domingo,junior,completa
C,EMP1638,Fernanda Reyes Sánchez,1975-08-21,Calle Cervantes #423,fernanda.638@gfs.mx,5536837617,32531.94,Coordinador,Sistemas,2015-07-26,Domingo,junior,medio_tiempo
C,EMP1639,Fernando Vargas Santiago,1985-05-30,Calle Morales #397,fernando.639@gfs.mx,5560128319,18184.28,Diseñador,Producción,2019-03-06,Domingo,senior,completa
C,EMP1640,Jorge Torres García,1996-01-20,Calle Espinoza #62,jorge.640@gfs.mx,5547662052,18190.09,Auditor,Finanzas,2015-04-15,Domingo,junior,medio_tiempo
C,EMP1641,Sofía Castillo Mejía,1972-01-13,Calle Fuentes #976,sofía.641@gfs.mx,5592077910,64334.69,Consultor,Operaciones,2024-03-06,Sábado,junior,medio_tiempo
C,EMP1642,Enrique Ruiz Vargas,1991-07-16,Calle Alvarez #858,enrique.642@gfs.mx,5572110987,26750.25,Diseñador,Marketing,2021-07-06,Sábado,junior,medio_tiempo
C,EMP1643,Sergio Delgado Reyes,1991-07-19,Calle Flores #936,sergio.643@gfs.mx,5587000815,63895.11,Supervisor,Recursos Humanos,2005-11-25,Domingo,directivo,completa
C,EMP1644,Sergio Contreras Chavez,1986-07-02,Calle Palacios #842,sergio.644@gfs.mx,5523153230,37146.48,Coordinador,Sistemas,2017-07-12,Sábado,directivo,medio_tiempo
C,EMP1645,Andrés Torres Medina,1978-04-09,Calle Cruz #664,andrés.645@gfs.mx,5522177508,10955.81,Desarrollador,Logística,2008-08-18,Domingo,directivo,completa
C,EMP1646,Pablo Muñoz Ibarra,1971-03-22,Calle Salinas #416,pablo.646@gfs.mx,5534822996,57391.52,Especialista,Calidad,2015-06-01,Sábado,directivo,completa
C,EMP1647,Leticia Palacios Herrera,1988-10-25,Calle García #304,leticia.647@gfs.mx,5567163632,55173.28,Diseñador,Ventas,2017-03-02,Sábado,directivo,completa
C,EMP1648,Alfredo Herrera Cervantes,1967-06-18,Calle Romero #969,alfredo.648@gfs.mx,5558853980,63278.67,Técnico,Marketing,2013-03-14,Domingo,directivo,completa
C,EMP1649,Raúl Aguilar Morales,1994-01-28,Calle Campos #722,raúl.649@gfs.mx,5518993381,43645.49,Contador,Producción,2008-02-08,Domingo,junior,completa
C,EMP1650,Ernesto Alvarez Cervantes,1998-09-30,Calle Delgado #893,ernesto.650@gfs.mx,5538158070,55190.41,Contador,Producción,2012-03-10,Domingo,senior,medio_tiempo
C,EMP1651,Ricardo Martínez Rodríguez,1981-09-22,Calle Medina #464,ricardo.651@gfs.mx,5575260270,40087.01,Auditor,Sistemas,2015-07-19,Domingo,senior,medio_tiempo
C,EMP1652,Víctor Palacios Rodríguez,1973-06-13,Calle Muñoz #90,víctor.652@gfs.mx,5520760289,33440.95,Auxiliar,Logística,2006-09-23,Sábado,junior,medio_tiempo
C,EMP1653,Eduardo Palacios Flores,1987-04-07,Calle Flores #896,eduardo.653@gfs.mx,5537414797,41241.26,Desarrollador,Recursos Humanos,2011-07-30,Domingo,directivo,completa
C,EMP1654,Esperanza Medina Rojas,1984-11-29,Calle Cervantes #661,esperanza.654@gfs.mx,5512883305,27491.01,Técnico,Recursos Humanos,2024-07-21,Sábado,directivo,medio_tiempo
C,EMP1655,Verónica Delgado Herrera,1994-06-01,Calle Ríos #806,verónica.655@gfs.mx,5553796105,39168.9,Desarrollador,Soporte Técnico,2016-11-22,Domingo,senior,medio_tiempo
C,EMP1656,Yolanda Torres Gutiérrez,1972-09-14,Calle Mendoza #233,yolanda.656@gfs.mx,5574994010,32314.14,Operador,Recursos Humanos,2008-04-30,Domingo,senior,medio_tiempo
C,EMP1657,Valeria Santiago Rivera,1996-12-06,Calle Guerrero #293,valeria.657@gfs.mx,5534465275,68392.37,Auditor,Soporte Técnico,2020-07-16,Sábado,junior,completa
C,EMP1658,Eduardo García Ramos,1990-10-10,Calle Torres #452,eduardo.658@gfs.mx,5544951262,32180.33,Coordinador,Operaciones,2020-11-10,Sábado,directivo,medio_tiempo
C,EMP1659,Claudia Flores Aguilar,1985-02-12,Calle Guerrero #999,claudia.659@gfs.mx,5531823481,42018.58,Técnico,Recursos Humanos,2014-01-28,Domingo,junior,medio_tiempo
C,EMP1660,Fernanda Flores Pérez,1998-02-16,Calle Guerrero #520,fernanda.660@gfs.mx,5554463735,48834.64,Operador,Finanzas,2011-07-03,Sábado,directivo,medio_tiempo
C,EMP1661,Jorge Palacios Ramírez,1997-10-27,Calle Alvarez #922,jorge.661@gfs.mx,5515379569,18365.4,Gestor,Sistemas,2011-11-29,Sábado,senior,completa
C,EMP1662,Mariana Medina González,1979-08-23,Calle Martínez #623,mariana.662@gfs.mx,5596075527,21708.98,Gestor,Producción,2022-07-11,Domingo,junior,completa
C,EMP1663,Miguel Guerrero Díaz,1995-05-17,Calle Lara #981,miguel.663@gfs.mx,5521727533,68550.37,Supervisor,Producción,2016-01-01,Domingo,directivo,completa
C,EMP1664,Norma Aguilar Chavez,1971-08-21,Calle Salinas #875,norma.664@gfs.mx,5567396933,32177.8,Especialista,Recursos Humanos,2011-05-21,Domingo,senior,medio_tiempo
C,EMP1665,Mariana Campos González,1974-09-04,Calle Figueroa #910,mariana.665@gfs.mx,5569622247,54491.66,Supervisor,Finanzas,2011-06-23,Sábado,directivo,medio_tiempo
C,EMP1666,Irene Rojas Torres,1991-05-05,Calle Mejía #89,irene.666@gfs.mx,5529278938,22467.03,Asistente,Operaciones,2012-07-10,Sábado,directivo,medio_tiempo
C,EMP1667,Miguel Pérez Rojas,1993-08-28,Calle Ortiz #425,miguel.667@gfs.mx,5533473742,43348.83,Diseñador,Ventas,2021-12-09,Sábado,junior,completa
C,EMP1668,Leticia Castillo Campos,1987-01-03,Calle García #843,leticia.668@gfs.mx,5550532800,60075.11,Operador,Finanzas,2017-07-18,Domingo,junior,completa
C,EMP1669,Ana Flores Mendoza,1978-06-19,Calle Fuentes #855,ana.669@gfs.mx,5595437748,38352.47,Desarrollador,Calidad,2011-06-15,Domingo,junior,medio_tiempo
C,EMP1670,Ángela Ríos Cruz,1966-04-12,Calle Ramírez #784,ángela.670@gfs.mx,5547207440,39583.01,Técnico,Ventas,2021-09-21,Domingo,directivo,medio_tiempo
C,EMP1671,Yolanda Núñez Mendoza,1993-03-04,Calle Mora #488,yolanda.671@gfs.mx,5526050250,32392.13,Diseñador,Ventas,2005-05-24,Domingo,junior,completa
C,EMP1672,Fernando Ramos Muñoz,1996-02-06,Calle Torres #366,fernando.672@gfs.mx,5531918943,13173.3,Especialista,Marketing,2019-04-10,Domingo,junior,medio_tiempo
C,EMP1673,Gabriela Contreras Fuentes,1968-06-12,Calle Romero #199,gabriela.673@gfs.mx,5594292753,20994.85,Técnico,Ventas,2021-11-18,Sábado,directivo,medio_tiempo
C,EMP1674,Fernanda Mora Gutiérrez,1977-03-06,Calle Mora #715,fernanda.674@gfs.mx,5558656970,15750.0,Consultor,Administración,2023-06-20,Sábado,junior,completa
C,EMP1675,Enrique Castillo Aguilar,1999-12-08,Calle Ruiz #422,enrique.675@gfs.mx,5555676049,65254.44,Auxiliar,Sistemas,2009-11-20,Sábado,directivo,completa
C,EMP1676,Karla Campos Santiago,1995-12-09,Calle Contreras #867,karla.676@gfs.mx,5581416669,52752.83,Diseñador,Sistemas,2014-05-12,Domingo,junior,completa
C,EMP1677,Diana López Alvarez,1980-08-15,Calle Gutiérrez #708,diana.677@gfs.mx,5558663129,18340.84,Asistente,Ventas,2016-09-25,Domingo,junior,medio_tiempo
C,EMP1678,Carlos Cervantes Ramírez,1974-12-23,Calle Torres #878,carlos.678@gfs.mx,5529107146,51282.83,Operador,Contabilidad,2009-09-16,Sábado,junior,medio_tiempo
C,EMP1679,Ángela Soto Ramírez,1968-06-27,Calle López #794,ángela.679@gfs.mx,5574995591,55440.04,Analista,Producción,2007-06-03,Sábado,directivo,completa
C,EMP1680,Esperanza Ramírez Mendoza,1966-12-11,Calle Rodríguez #309,esperanza.680@gfs.mx,5599601933,10616.34,Técnico,Sistemas,2018-07-01,Sábado,directivo,completa
C,EMP1681,Javier Lara Medina,1966-04-25,Calle González #150,javier.681@gfs.mx,5547228730,66927.5,Especialista,Administración,2008-08-08,Sábado,directivo,completa
C,EMP1682,Sandra Delgado Soto,1965-08-18,Calle Contreras #223,sandra.682@gfs.mx,5535709072,67855.83,Auxiliar,Operaciones,2005-02-05,Sábado,junior,medio_tiempo
C,EMP1683,Raúl Palacios Delgado,1973-04-22,Calle Díaz #690,raúl.683@gfs.mx,5524404851,20850.91,Especialista,Marketing,2014-07-07,Sábado,directivo,completa
C,EMP1684,Verónica Ramírez Soto,1979-02-06,Calle Ramírez #478,verónica.684@gfs.mx,5524806384,41183.65,Asistente,Administración,2020-10-22,Domingo,directivo,completa
C,EMP1685,Miguel Ramos Ruiz,1970-03-11,Calle Vega #291,miguel.685@gfs.mx,5571330222,46023.37,Operador,Calidad,2023-11-13,Domingo,junior,medio_tiempo
C,EMP1686,Gabriela Núñez Jiménez,1968-02-15,Calle Alvarez #962,gabriela.686@gfs.mx,5559317149,20757.84,Desarrollador,Finanzas,2020-01-28,Sábado,senior,medio_tiempo
C,EMP1687,Enrique Lara Mora,1968-10-24,Calle Ramírez #147,enrique.687@gfs.mx,5562990697,34037.46,Consultor,Sistemas,2021-08-18,Sábado,junior,medio_tiempo
C,EMP1688,Karla Herrera Jiménez,1991-09-09,Calle Chavez #126,karla.688@gfs.mx,5541255233,60286.55,Diseñador,Finanzas,2011-04-01,Domingo,directivo,medio_tiempo
C,EMP1689,Claudia Alvarez Lara,1992-01-22,Calle Chavez #497,claudia.689@gfs.mx,5578640894,26733.44,Contador,Finanzas,2007-06-05,Sábado,senior,medio_tiempo
C,EMP1690,Gustavo Reyes Fuentes,1971-01-15,Calle López #102,gustavo.690@gfs.mx,5517093731,59818.75,Asistente,Calidad,2005-08-08,Sábado,senior,medio_tiempo
C,EMP1691,Fernando Gutiérrez Santiago,1992-12-16,Calle Sánchez #779,fernando.691@gfs.mx,5520269972,49664.84,Gestor,Finanzas,2022-10-13,Domingo,junior,medio_tiempo
C,EMP1692,Norma Ruiz Ruiz,1987-08-24,Calle Mendoza #556,norma.692@gfs.mx,5556119311,58568.9,Gestor,Operaciones,2005-05-25,Sábado,senior,completa
C,EMP1693,Leticia Díaz Ramos,1981-11-18,Calle Díaz #471,leticia.693@gfs.mx,5514829304,11971.59,Gestor,Calidad,2024-04-19,Domingo,directivo,completa
C,EMP1694,Gustavo Núñez Torres,1979-01-07,Calle Salinas #399,gustavo.694@gfs.mx,5575425092,55840.67,Consultor,Calidad,2016-01-02,Domingo,senior,completa
C,EMP1695,Adriana Martínez Chavez,1976-10-25,Calle Ruiz #606,adriana.695@gfs.mx,5560707149,47016.38,Especialista,Logística,2012-03-10,Sábado,junior,completa
C,EMP1696,Diana Aguilar Medina,1998-04-15,Calle Delgado #28,diana.696@gfs.mx,5593906615,30475.39,Técnico,Marketing,2012-09-28,Domingo,senior,medio_tiempo
C,EMP1697,Roberto Lara Cruz,1976-02-09,Calle Cruz #664,roberto.697@gfs.mx,5551889289,45551.9,Representante,Soporte Técnico,2006-06-21,Domingo,junior,medio_tiempo
C,EMP1698,Valeria López Guerrero,1979-08-19,Calle García #472,valeria.698@gfs.mx,5598284097,61802.11,Consultor,Operaciones,2014-06-13,Domingo,junior,medio_tiempo
C,EMP1699,Ignacio López Ramos,1981-12-11,Calle Espinoza #400,ignacio.699@gfs.mx,5553274663,44352.32,Contador,Finanzas,2007-03-31,Sábado,senior,medio_tiempo
C,EMP1700,Adriana Soto Lara,1980-03-26,Calle Rivera #630,adriana.700@gfs.mx,5550201014,31800.06,Supervisor,Producción,2016-02-24,Sábado,directivo,completa
C,EMP1701,Gabriela Mendoza Martínez,1978-05-04,Calle Espinoza #412,gabriela.701@gfs.mx,5540317902,47474.34,Técnico,Soporte Técnico,2023-12-08,Sábado,directivo,medio_tiempo
C,EMP1702,Ricardo Rodríguez Espinoza,2000-12-09,Calle Contreras #487,ricardo.702@gfs.mx,5567325182,22584.35,Contador,Sistemas,2019-08-13,Domingo,directivo,medio_tiempo
C,EMP1703,Sergio Lara Guerrero,1979-01-21,Calle Jiménez #425,sergio.703@gfs.mx,5563995920,25075.89,Gestor,Finanzas,2020-01-24,Sábado,junior,completa
C,EMP1704,Yolanda Ruiz Vargas,1994-08-23,Calle Cervantes #961,yolanda.704@gfs.mx,5572719315,26076.16,Desarrollador,Operaciones,2023-02-22,Domingo,directivo,completa
C,EMP1705,Enrique Jiménez Aguilar,1985-09-30,Calle Flores #247,enrique.705@gfs.mx,5530196097,54786.01,Contador,Logística,2023-12-08,Domingo,senior,medio_tiempo
C,EMP1706,Patricia Fuentes Vargas,1983-07-03,Calle Ortiz #844,patricia.706@gfs.mx,5548526473,48762.56,Operador,Calidad,2018-06-27,Sábado,senior,completa
C,EMP1707,Eduardo Flores Jiménez,1966-03-30,Calle Cruz #817,eduardo.707@gfs.mx,5551680049,37849.58,Gestor,Marketing,2014-06-20,Sábado,junior,completa
C,EMP1708,Ricardo Torres López,1976-08-04,Calle Ortiz #675,ricardo.708@gfs.mx,5583914523,20559.11,Auditor,Recursos Humanos,2021-03-16,Domingo,junior,completa
C,EMP1709,Miguel Ramos Mejía,1978-05-15,Calle Rodríguez #923,miguel.709@gfs.mx,5564627534,63806.39,Desarrollador,Calidad,2024-11-12,Sábado,senior,completa
C,EMP1710,Héctor Ramírez Espinoza,1997-12-12,Calle Romero #956,héctor.710@gfs.mx,5526192377,41317.45,Auditor,Ventas,2022-05-21,Domingo,senior,completa
C,EMP1711,Héctor Mejía Ramírez,1999-09-07,Calle Ramos #338,héctor.711@gfs.mx,5588426937,54234.18,Contador,Soporte Técnico,2021-09-08,Sábado,senior,completa
C,EMP1712,Fernando Sánchez Morales,1974-08-09,Calle Ortiz #451,fernando.712@gfs.mx,5564811239,25258.36,Consultor,Recursos Humanos,2016-01-01,Domingo,directivo,completa
C,EMP1713,Fernanda Guerrero Núñez,1986-04-21,Calle Mora #253,fernanda.713@gfs.mx,5547276794,62766.01,Representante,Contabilidad,2013-02-21,Domingo,directivo,medio_tiempo
C,EMP1714,Alejandro López Ríos,1992-03-05,Calle García #862,alejandro.714@gfs.mx,5598882124,57936.48,Analista,Soporte Técnico,2022-09-10,Sábado,senior,medio_tiempo
C,EMP1715,Alejandro Fuentes Palacios,1981-04-12,Calle Mora #125,alejandro.715@gfs.mx,5581794497,62017.18,Auditor,Finanzas,2013-09-18,Sábado,senior,medio_tiempo
C,EMP1716,Alejandro González Soto,1975-07-25,Calle Gutiérrez #216,alejandro.716@gfs.mx,5531505334,64953.45,Desarrollador,Administración,2024-09-22,Domingo,junior,medio_tiempo
C,EMP1717,Miguel Ibarra Ruiz,1986-02-18,Calle Cervantes #423,miguel.717@gfs.mx,5554657219,53043.16,Representante,Sistemas,2023-06-29,Sábado,directivo,medio_tiempo
C,EMP1718,Adriana Rodríguez Medina,1983-11-18,Calle Mejía #747,adriana.718@gfs.mx,5583514771,54267.13,Asistente,Soporte Técnico,2005-08-13,Sábado,directivo,completa
C,EMP1719,Liliana Díaz Ríos,1971-02-08,Calle Pérez #411,liliana.719@gfs.mx,5536853654,47697.78,Especialista,Ventas,2006-11-05,Sábado,junior,completa
C,EMP1720,Enrique Salinas Ibarra,1994-02-14,Calle Soto #134,enrique.720@gfs.mx,5589727494,51145.2,Contador,Administración,2015-02-16,Domingo,directivo,completa
C,EMP1721,Mónica Morales Mora,1991-08-09,Calle Ramos #819,mónica.721@gfs.mx,5547822197,21919.82,Supervisor,Administración,2009-01-30,Domingo,senior,completa
C,EMP1722,Carlos López Campos,1994-01-11,Calle Santiago #642,carlos.722@gfs.mx,5540696566,64410.69,Asistente,Producción,2010-11-15,Sábado,junior,medio_tiempo
C,EMP1723,Alfredo Núñez Mejía,1976-09-02,Calle Flores #92,alfredo.723@gfs.mx,5559381407,20207.37,Consultor,Sistemas,2005-04-26,Domingo,senior,medio_tiempo
C,EMP1724,Eduardo Reyes Salinas,1974-02-11,Calle Jiménez #969,eduardo.724@gfs.mx,5545729141,27277.72,Asistente,Marketing,2007-12-03,Domingo,junior,completa
C,EMP1725,Gabriela Figueroa Mora,1973-06-30,Calle Rojas #185,gabriela.725@gfs.mx,5564831176,57547.81,Analista,Logística,2010-11-15,Sábado,directivo,medio_tiempo
C,EMP1726,Héctor Aguilar Delgado,1995-09-12,Calle Ríos #470,héctor.726@gfs.mx,5521507650,10619.21,Auxiliar,Administración,2020-07-18,Domingo,directivo,completa
C,EMP1727,Salvador Vega Salinas,1983-12-28,Calle Cervantes #612,salvador.727@gfs.mx,5544390017,14383.34,Gestor,Recursos Humanos,2006-03-03,Domingo,junior,medio_tiempo
C,EMP1728,Claudia Mejía Lara,2000-12-27,Calle Mejía #727,claudia.728@gfs.mx,5516108500,10321.66,Gestor,Ventas,2013-07-18,Domingo,senior,medio_tiempo
C,EMP1729,Diana Campos García,1991-01-15,Calle Morales #267,diana.729@gfs.mx,5532799095,40224.8,Representante,Administración,2024-09-09,Domingo,junior,completa
C,EMP1730,Fernanda Salinas Contreras,1984-06-03,Calle Flores #267,fernanda.730@gfs.mx,5525682275,28796.18,Auxiliar,Finanzas,2024-07-20,Domingo,directivo,medio_tiempo
C,EMP1731,Sergio Castillo Mendoza,1992-06-30,Calle Soto #949,sergio.731@gfs.mx,5545400991,41018.36,Supervisor,Contabilidad,2012-01-29,Domingo,junior,medio_tiempo
C,EMP1732,Roberto Jiménez Flores,1967-06-14,Calle Reyes #188,roberto.732@gfs.mx,5514813349,38214.85,Auxiliar,Soporte Técnico,2015-06-24,Domingo,junior,medio_tiempo
C,EMP1733,Lucía Díaz Medina,1996-10-21,Calle Campos #497,lucía.733@gfs.mx,5571439467,39579.31,Auditor,Soporte Técnico,2024-06-11,Sábado,junior,medio_tiempo
C,EMP1734,Miguel Vargas Castillo,1973-02-07,Calle Rivera #768,miguel.734@gfs.mx,5578281626,59354.31,Consultor,Calidad,2018-02-19,Sábado,directivo,completa
C,EMP1735,Enrique Ibarra Espinoza,1973-02-06,Calle Rojas #943,enrique.735@gfs.mx,5520312681,24769.45,Asistente,Calidad,2007-02-12,Domingo,junior,medio_tiempo
C,EMP1736,Víctor Mora Ramírez,1982-09-07,Calle Aguilar #605,víctor.736@gfs.mx,5524236463,60218.63,Auxiliar,Recursos Humanos,2006-10-27,Domingo,directivo,medio_tiempo
C,EMP1737,Pablo Fuentes Ortiz,1991-08-28,Calle Lara #6,pablo.737@gfs.mx,5554214932,68186.23,Desarrollador,Ventas,2015-03-01,Domingo,directivo,completa
C,EMP1738,Andrés Martínez Ríos,1977-09-10,Calle Ramos #818,andrés.738@gfs.mx,5517453784,54628.0,Gestor,Ventas,2013-07-22,Sábado,senior,medio_tiempo
C,EMP1739,Javier Cruz Ibarra,1982-11-23,Calle González #22,javier.739@gfs.mx,5537947183,19776.44,Contador,Marketing,2011-05-24,Sábado,junior,medio_tiempo
C,EMP1740,Gustavo Núñez Cervantes,1978-11-29,Calle Mora #618,gustavo.740@gfs.mx,5527620998,31542.66,Técnico,Administración,2016-07-01,Sábado,senior,medio_tiempo
C,EMP1741,Leticia Alvarez Ortiz,1990-04-05,Calle Mejía #434,leticia.741@gfs.mx,5522109438,55389.44,Contador,Administración,2018-10-08,Sábado,senior,medio_tiempo
C,EMP1742,Miguel García Romero,1980-05-01,Calle Muñoz #693,miguel.742@gfs.mx,5540095669,48856.64,Diseñador,Contabilidad,2016-02-10,Sábado,senior,medio_tiempo
C,EMP1743,Sergio González Alvarez,1978-06-23,Calle Flores #131,sergio.743@gfs.mx,5550320166,60492.28,Gestor,Marketing,2011-08-18,Sábado,directivo,completa
C,EMP1744,Lucía Romero Sánchez,1987-11-28,Calle Núñez #423,lucía.744@gfs.mx,5522681476,37879.39,Diseñador,Ventas,2023-03-26,Domingo,senior,medio_tiempo
C,EMP1745,Ignacio González Ibarra,1987-08-02,Calle López #117,ignacio.745@gfs.mx,5598795539,37772.74,Contador,Contabilidad,2023-11-28,Domingo,junior,completa
C,EMP1746,Verónica Salinas Gutiérrez,1979-01-31,Calle Delgado #742,verónica.746@gfs.mx,5571068817,55441.26,Asistente,Ventas,2023-02-13,Domingo,senior,completa
C,EMP1747,Andrés Morales González,1998-07-06,Calle Mejía #266,andrés.747@gfs.mx,5524271459,36027.94,Analista,Recursos Humanos,2013-11-10,Sábado,junior,completa
C,EMP1748,Ernesto Alvarez Muñoz,1996-01-13,Calle Chavez #890,ernesto.748@gfs.mx,5598277293,67948.23,Consultor,Soporte Técnico,2015-12-02,Domingo,directivo,medio_tiempo
C,EMP1749,Ángela Mora Palacios,1995-04-14,Calle Chavez #824,ángela.749@gfs.mx,5550621889,15258.11,Auxiliar,Recursos Humanos,2009-04-13,Sábado,junior,completa
C,EMP1750,Carlos Vargas Alvarez,1994-02-05,Calle Flores #666,carlos.750@gfs.mx,5542451191,36147.31,Desarrollador,Operaciones,2009-04-13,Sábado,senior,medio_tiempo
C,EMP1751,Fernando Alvarez Núñez,1965-12-24,Calle Ramírez #171,fernando.751@gfs.mx,5530457766,54326.87,Asistente,Finanzas,2015-07-30,Sábado,senior,completa
C,EMP1752,Karla Castillo Espinoza,1982-07-29,Calle Martínez #342,karla.752@gfs.mx,5511056868,16159.81,Auditor,Soporte Técnico,2014-09-08,Domingo,senior,medio_tiempo
C,EMP1753,Lucía Ruiz Chavez,1986-10-22,Calle Romero #606,lucía.753@gfs.mx,5592073508,66116.86,Representante,Finanzas,2010-03-15,Sábado,directivo,completa
C,EMP1754,Sergio Espinoza Ramos,1989-10-26,Calle Rodríguez #275,sergio.754@gfs.mx,5597013391,35028.25,Asistente,Sistemas,2016-02-06,Domingo,senior,medio_tiempo
C,EMP1755,Carlos Rivera Castillo,1997-07-30,Calle Jiménez #481,carlos.755@gfs.mx,5556150415,36286.64,Gestor,Producción,2018-03-08,Domingo,directivo,medio_tiempo
C,EMP1756,Diana Castillo Figueroa,1996-11-29,Calle Vega #983,diana.756@gfs.mx,5565950146,59984.84,Desarrollador,Calidad,2021-06-23,Domingo,senior,completa
C,EMP1757,Alfredo Vargas Castillo,1995-12-26,Calle Cervantes #89,alfredo.757@gfs.mx,5599530801,38973.39,Auxiliar,Producción,2008-07-04,Domingo,junior,medio_tiempo
C,EMP1758,Gustavo Gutiérrez Cruz,1974-05-25,Calle Campos #49,gustavo.758@gfs.mx,5512433447,31527.21,Operador,Administración,2020-03-08,Sábado,junior,completa
C,EMP1759,Patricia Herrera Núñez,1970-02-11,Calle Santiago #233,patricia.759@gfs.mx,5526198473,43718.89,Asistente,Logística,2012-08-19,Domingo,junior,medio_tiempo
C,EMP1760,Fernando Palacios Romero,1992-02-09,Calle Lara #107,fernando.760@gfs.mx,5516767531,65597.93,Asistente,Finanzas,2023-11-17,Sábado,junior,completa
C,EMP1761,Daniel García Romero,1969-09-24,Calle Rivera #646,daniel.761@gfs.mx,5525845657,62252.17,Representante,Administración,2008-07-10,Domingo,directivo,medio_tiempo
C,EMP1762,Alicia Romero Ruiz,1997-11-11,Calle Sánchez #158,alicia.762@gfs.mx,5596851348,31824.21,Auditor,Contabilidad,2007-10-05,Sábado,senior,medio_tiempo
C,EMP1763,Hugo Ibarra Pérez,1976-01-03,Calle Alvarez #350,hugo.763@gfs.mx,5548488047,40301.36,Técnico,Logística,2013-05-09,Domingo,senior,completa
C,EMP1764,Fernando Soto Soto,1988-10-04,Calle Rojas #807,fernando.764@gfs.mx,5540626070,18279.66,Supervisor,Marketing,2014-03-08,Domingo,directivo,medio_tiempo
C,EMP1765,Carlos Díaz Flores,1999-07-20,Calle Pérez #735,carlos.765@gfs.mx,5579437366,66618.57,Técnico,Administración,2012-01-23,Domingo,junior,medio_tiempo
C,EMP1766,Roberto Chavez Soto,1966-08-31,Calle Lara #945,roberto.766@gfs.mx,5596096076,19057.13,Consultor,Recursos Humanos,2019-03-03,Domingo,senior,medio_tiempo
C,EMP1767,Víctor Palacios Campos,1978-08-27,Calle Figueroa #761,víctor.767@gfs.mx,5552103461,64553.85,Analista,Logística,2016-11-02,Sábado,directivo,medio_tiempo
C,EMP1768,Mariana Ríos Vargas,1989-06-03,Calle Santiago #808,mariana.768@gfs.mx,5592971716,49122.23,Diseñador,Administración,2024-11-28,Domingo,junior,medio_tiempo
C,EMP1769,Miguel García Guerrero,1980-01-03,Calle Vega #743,miguel.769@gfs.mx,5526912191,41228.18,Gestor,Logística,2009-10-17,Sábado,directivo,medio_tiempo
C,EMP1770,Enrique Herrera Soto,1993-07-08,Calle Rivera #24,enrique.770@gfs.mx,5513743496,63419.16,Gestor,Ventas,2010-10-21,Sábado,senior,medio_tiempo
C,EMP1771,Adriana Ramírez Figueroa,1967-09-10,Calle Aguilar #266,adriana.771@gfs.mx,5594153110,40449.96,Técnico,Recursos Humanos,2021-12-20,Sábado,senior,medio_tiempo
C,EMP1772,Yolanda Cervantes Pérez,1985-04-30,Calle Herrera #242,yolanda.772@gfs.mx,5588060201,43935.83,Representante,Calidad,2019-12-05,Sábado,senior,medio_tiempo
C,EMP1773,Gabriela Lara Salinas,1990-09-11,Calle Mora #144,gabriela.773@gfs.mx,5560689435,41180.0,Coordinador,Sistemas,2012-05-09,Sábado,senior,medio_tiempo
C,EMP1774,Sandra Flores Salinas,1984-02-05,Calle Rojas #84,sandra.774@gfs.mx,5522381399,13731.62,Representante,Contabilidad,2015-09-07,Sábado,senior,completa
C,EMP1775,Raúl Mora Contreras,1983-01-25,Calle Delgado #573,raúl.775@gfs.mx,5579651618,56729.48,Auditor,Logística,2018-02-08,Domingo,directivo,medio_tiempo
C,EMP1776,Mariana Palacios Ruiz,1997-10-28,Calle Rojas #844,mariana.776@gfs.mx,5531856387,18660.77,Auxiliar,Finanzas,2020-12-13,Domingo,junior,completa
C,EMP1777,Ángela Vargas Muñoz,1986-03-27,Calle García #765,ángela.777@gfs.mx,5531050667,66644.17,Especialista,Sistemas,2018-06-30,Domingo,junior,completa
C,EMP1778,Raúl Espinoza Castillo,1966-10-22,Calle Contreras #157,raúl.778@gfs.mx,5525803092,32288.04,Especialista,Logística,2011-08-06,Domingo,junior,completa
C,EMP1779,Fernando Delgado Rojas,1967-03-09,Calle Gutiérrez #911,fernando.779@gfs.mx,5548048350,22934.89,Auditor,Soporte Técnico,2015-12-19,Sábado,junior,medio_tiempo
C,EMP1780,Patricia García Rojas,1986-08-02,Calle Espinoza #318,patricia.780@gfs.mx,5585935555,37142.47,Especialista,Marketing,2015-08-30,Sábado,junior,medio_tiempo
C,EMP1781,Alicia Díaz Lara,1985-02-22,Calle Flores #888,alicia.781@gfs.mx,5553649791,15358.9,Consultor,Calidad,2018-12-27,Domingo,senior,completa
C,EMP1782,Arturo Herrera Guerrero,1967-01-21,Calle Lara #912,arturo.782@gfs.mx,5569471365,54154.77,Desarrollador,Sistemas,2024-06-03,Sábado,directivo,completa
C,EMP1783,Yolanda Fuentes Ibarra,1996-09-25,Calle Gutiérrez #575,yolanda.783@gfs.mx,5596591866,17426.9,Gestor,Sistemas,2009-04-26,Sábado,directivo,completa
C,EMP1784,Alicia Alvarez Romero,1965-11-02,Calle Ramírez #675,alicia.784@gfs.mx,5581384965,20784.6,Analista,Logística,2022-08-25,Sábado,junior,medio_tiempo
C,EMP1785,Miguel Guerrero Mejía,1979-05-17,Calle Chavez #604,miguel.785@gfs.mx,5516037602,39488.38,Representante,Recursos Humanos,2012-08-16,Domingo,junior,medio_tiempo
C,EMP1786,Carlos Contreras Ramos,1982-02-19,Calle Mendoza #94,carlos.786@gfs.mx,5525387340,68787.17,Gestor,Contabilidad,2011-05-27,Sábado,junior,medio_tiempo
C,EMP1787,Hugo González Flores,1978-10-06,Calle Rojas #695,hugo.787@gfs.mx,5532708438,13534.82,Especialista,Contabilidad,2005-08-11,Sábado,senior,medio_tiempo
C,EMP1788,Sandra Ramos Flores,1983-07-09,Calle Ramos #265,sandra.788@gfs.mx,5560400522,66494.65,Representante,Sistemas,2006-03-01,Sábado,junior,completa
C,EMP1789,Gustavo Romero Soto,1987-08-18,Calle Vega #973,gustavo.789@gfs.mx,5525445960,26157.25,Especialista,Finanzas,2017-05-29,Domingo,junior,medio_tiempo
C,EMP1790,Carlos Rojas Fuentes,1975-06-27,Calle López #276,carlos.790@gfs.mx,5584366722,67808.48,Desarrollador,Sistemas,2010-07-11,Sábado,senior,medio_tiempo
C,EMP1791,Mariana González Fuentes,1987-06-14,Calle Vargas #802,mariana.791@gfs.mx,5529108179,32398.31,Auxiliar,Producción,2017-01-21,Domingo,directivo,medio_tiempo
C,EMP1792,Lucía Pérez Muñoz,1992-11-05,Calle Castillo #669,lucía.792@gfs.mx,5532465588,10032.58,Representante,Finanzas,2011-02-17,Domingo,directivo,medio_tiempo
C,EMP1793,Claudia Fuentes Vargas,1991-04-02,Calle Romero #289,claudia.793@gfs.mx,5516104857,19684.98,Gestor,Ventas,2006-07-27,Domingo,junior,medio_tiempo
C,EMP1794,Ángela Ramírez Torres,1997-07-11,Calle Campos #287,ángela.794@gfs.mx,5567977016,22651.01,Gestor,Administración,2024-10-29,Domingo,directivo,medio_tiempo
C,EMP1795,Alicia Salinas Díaz,1977-04-01,Calle Cruz #679,alicia.795@gfs.mx,5553169555,30497.79,Asistente,Ventas,2012-05-14,Sábado,directivo,completa
C,EMP1796,Ernesto Pérez Mejía,1986-05-18,Calle Pérez #924,ernesto.796@gfs.mx,5511285619,50362.38,Supervisor,Operaciones,2020-08-15,Domingo,senior,completa
C,EMP1797,Ernesto Ríos Rodríguez,1989-03-01,Calle López #914,ernesto.797@gfs.mx,5569750614,50334.75,Especialista,Marketing,2023-07-24,Domingo,senior,completa
C,EMP1798,Hugo Palacios Pérez,1970-08-07,Calle Muñoz #380,hugo.798@gfs.mx,5535902794,36674.66,Coordinador,Soporte Técnico,2005-06-12,Domingo,directivo,medio_tiempo
C,EMP1799,Karla González Santiago,1993-01-17,Calle Gutiérrez #828,karla.799@gfs.mx,5539681939,24055.48,Asistente,Administración,2005-10-29,Domingo,senior,completa
C,EMP1800,Ana Jiménez Fuentes,1982-10-08,Calle Ramírez #891,ana.800@gfs.mx,5547224958,44146.13,Asistente,Contabilidad,2017-05-18,Sábado,directivo,completa
C,EMP1801,Patricia Delgado Torres,1998-06-19,Calle Rodríguez #131,patricia.801@gfs.mx,5544846207,66013.8,Auditor,Producción,2024-10-05,Domingo,junior,completa
C,EMP1802,Ángela Mora Guerrero,1992-07-25,Calle Mendoza #698,ángela.802@gfs.mx,5585177493,62986.12,Analista,Marketing,2019-05-18,Sábado,senior,medio_tiempo
C,EMP1803,Verónica Ortiz Ramírez,1995-07-06,Calle Contreras #478,verónica.803@gfs.mx,5576514912,31688.31,Contador,Recursos Humanos,2024-10-28,Sábado,junior,medio_tiempo
C,EMP1804,Verónica Guerrero Díaz,1979-03-10,Calle Pérez #402,verónica.804@gfs.mx,5536119862,30082.35,Representante,Ventas,2023-02-12,Sábado,directivo,completa
C,EMP1805,Ángela Núñez Rodríguez,1976-03-19,Calle Jiménez #169,ángela.805@gfs.mx,5554187782,28648.35,Desarrollador,Calidad,2007-03-04,Sábado,senior,medio_tiempo
C,EMP1806,Carlos Delgado Fuentes,1979-12-31,Calle Mendoza #254,carlos.806@gfs.mx,5524474127,38414.59,Especialista,Recursos Humanos,2023-06-06,Domingo,directivo,completa
C,EMP1807,Patricia Ibarra Mejía,1992-10-16,Calle Díaz #783,patricia.807@gfs.mx,5522840710,47520.93,Consultor,Sistemas,2006-12-02,Sábado,junior,medio_tiempo
C,EMP1808,Fernanda Palacios Rodríguez,2000-02-09,Calle Torres #64,fernanda.808@gfs.mx,5569313284,13287.33,Consultor,Calidad,2014-09-08,Sábado,junior,completa
C,EMP1809,Daniel Martínez Castillo,1982-02-10,Calle Chavez #99,daniel.809@gfs.mx,5592852868,55117.8,Coordinador,Ventas,2022-08-30,Sábado,senior,medio_tiempo
C,EMP1810,Pablo Núñez Santiago,1992-10-11,Calle Sánchez #348,pablo.810@gfs.mx,5597365194,66255.09,Contador,Recursos Humanos,2015-03-09,Domingo,directivo,completa
C,EMP1811,Sandra Sánchez Pérez,1991-09-13,Calle Salinas #70,sandra.811@gfs.mx,5589575878,57364.99,Coordinador,Ventas,2007-10-30,Domingo,senior,medio_tiempo
C,EMP1812,Esperanza Figueroa Santiago,1984-12-11,Calle Morales #249,esperanza.812@gfs.mx,5528478117,57821.54,Analista,Contabilidad,2011-12-29,Domingo,directivo,medio_tiempo
C,EMP1813,Alejandro Delgado Guerrero,1999-10-15,Calle Flores #151,alejandro.813@gfs.mx,5573018412,28520.46,Especialista,Logística,2013-04-10,Sábado,directivo,completa
C,EMP1814,Roberto Cruz Romero,1990-02-05,Calle Martínez #433,roberto.814@gfs.mx,5556146216,21724.43,Coordinador,Calidad,2009-07-07,Sábado,senior,completa
C,EMP1815,Norma Alvarez Palacios,1996-01-14,Calle Muñoz #615,norma.815@gfs.mx,5554445587,61120.52,Consultor,Administración,2018-10-27,Domingo,senior,medio_tiempo
C,EMP1816,Valeria Sánchez Muñoz,2000-05-27,Calle García #508,valeria.816@gfs.mx,5539448158,65197.22,Desarrollador,Producción,2020-07-19,Sábado,senior,completa
C,EMP1817,Héctor Alvarez Cervantes,1999-06-20,Calle Herrera #827,héctor.817@gfs.mx,5560454028,22318.98,Auxiliar,Recursos Humanos,2013-02-20,Sábado,junior,medio_tiempo
C,EMP1818,Carlos Campos Ramírez,1971-05-23,Calle Castillo #451,carlos.818@gfs.mx,5536092388,47880.07,Representante,Administración,2005-12-26,Sábado,junior,completa
C,EMP1819,Gabriela Morales Reyes,1976-10-02,Calle Figueroa #179,gabriela.819@gfs.mx,5555609531,60852.05,Coordinador,Contabilidad,2009-05-25,Sábado,junior,medio_tiempo
C,EMP1820,Sandra López Mora,1971-02-27,Calle Vega #671,sandra.820@gfs.mx,5524894008,30303.0,Coordinador,Logística,2015-03-27,Sábado,senior,medio_tiempo
C,EMP1821,Norma Rivera Contreras,2000-11-04,Calle Santiago #903,norma.821@gfs.mx,5568212652,62703.27,Técnico,Sistemas,2008-03-29,Sábado,junior,completa
C,EMP1822,Silvia Vega Palacios,1981-10-15,Calle Ramos #614,silvia.822@gfs.mx,5567651904,68618.89,Coordinador,Recursos Humanos,2022-02-12,Sábado,directivo,medio_tiempo
C,EMP1823,Fernando Ramos Cruz,1967-05-23,Calle Fuentes #815,fernando.823@gfs.mx,5547590802,62371.09,Auditor,Operaciones,2018-02-06,Domingo,junior,completa
C,EMP1824,Esperanza Lara Santiago,1967-11-29,Calle Rivera #521,esperanza.824@gfs.mx,5562092026,55078.48,Desarrollador,Operaciones,2013-05-24,Domingo,directivo,medio_tiempo
C,EMP1825,Javier Ramos Salinas,1981-10-09,Calle Contreras #712,javier.825@gfs.mx,5574867032,52938.99,Asistente,Finanzas,2011-01-08,Domingo,directivo,completa
C,EMP1826,Andrés Reyes Jiménez,1985-04-12,Calle Cruz #406,andrés.826@gfs.mx,5539339153,28359.94,Representante,Marketing,2017-10-25,Sábado,senior,medio_tiempo
C,EMP1827,Daniel González Torres,1998-09-19,Calle González #303,daniel.827@gfs.mx,5569660493,41129.24,Coordinador,Ventas,2005-12-04,Domingo,directivo,medio_tiempo
C,EMP1828,Sergio Díaz Muñoz,1984-05-27,Calle Rojas #377,sergio.828@gfs.mx,5576779099,29021.23,Supervisor,Recursos Humanos,2009-01-11,Domingo,junior,medio_tiempo
C,EMP1829,Ernesto Rodríguez Medina,1968-09-12,Calle Castillo #863,ernesto.829@gfs.mx,5577345747,40767.46,Desarrollador,Sistemas,2022-08-17,Domingo,junior,completa
C,EMP1830,Eduardo Rodríguez Aguilar,1966-09-20,Calle Guerrero #206,eduardo.830@gfs.mx,5554796219,21798.78,Especialista,Logística,2011-10-16,Domingo,junior,completa
C,EMP1831,Alicia Salinas Cervantes,1989-05-13,Calle Mendoza #9,alicia.831@gfs.mx,5550194740,26910.72,Especialista,Marketing,2014-02-06,Sábado,senior,completa
C,EMP1832,Arturo Reyes Reyes,1997-06-13,Calle Cervantes #215,arturo.832@gfs.mx,5573678024,24023.39,Consultor,Operaciones,2021-12-29,Domingo,directivo,medio_tiempo
C,EMP1833,Jorge González Ramos,1973-06-05,Calle Núñez #789,jorge.833@gfs.mx,5566061116,22575.09,Asistente,Operaciones,2005-09-04,Domingo,junior,completa
C,EMP1834,Alejandro Cervantes Pérez,1987-06-03,Calle Lara #855,alejandro.834@gfs.mx,5557601987,30389.33,Supervisor,Marketing,2020-05-19,Domingo,directivo,medio_tiempo
C,EMP1835,Fernanda Delgado López,1990-06-18,Calle García #945,fernanda.835@gfs.mx,5528674348,19221.47,Especialista,Ventas,2019-02-16,Domingo,senior,completa
C,EMP1836,Arturo Rodríguez Guerrero,1982-05-03,Calle Jiménez #487,arturo.836@gfs.mx,5524581193,29730.48,Asistente,Calidad,2011-11-01,Sábado,junior,completa
C,EMP1837,Víctor Campos Morales,1966-06-10,Calle Palacios #618,víctor.837@gfs.mx,5575580570,11610.31,Coordinador,Sistemas,2013-08-28,Domingo,junior,completa
C,EMP1838,Gabriela Lara Contreras,1968-02-21,Calle Muñoz #59,gabriela.838@gfs.mx,5559479669,41111.9,Auxiliar,Administración,2024-04-13,Domingo,senior,completa
C,EMP1839,Eduardo Torres Guerrero,1983-10-09,Calle Alvarez #761,eduardo.839@gfs.mx,5519229212,33339.57,Representante,Producción,2007-12-01,Sábado,senior,medio_tiempo
C,EMP1840,Salvador Lara Alvarez,1972-02-15,Calle Mejía #589,salvador.840@gfs.mx,5551649604,45249.52,Gestor,Soporte Técnico,2020-05-12,Domingo,senior,completa
C,EMP1841,Ana Flores Díaz,1967-11-15,Calle Chavez #620,ana.841@gfs.mx,5543130320,41551.39,Representante,Ventas,2024-09-20,Domingo,senior,medio_tiempo
C,EMP1842,Yolanda García Cervantes,1969-02-01,Calle Castillo #662,yolanda.842@gfs.mx,5571244438,30806.91,Auditor,Soporte Técnico,2022-10-09,Domingo,senior,completa
C,EMP1843,Verónica Cruz Morales,1992-09-16,Calle Figueroa #443,verónica.843@gfs.mx,5571448654,33079.9,Desarrollador,Contabilidad,2020-09-01,Sábado,senior,completa
C,EMP1844,Héctor Rivera Ortiz,1993-03-05,Calle Guerrero #299,héctor.844@gfs.mx,5599477179,64977.78,Diseñador,Soporte Técnico,2021-03-15,Sábado,senior,medio_tiempo
C,EMP1845,Alicia Campos Ramírez,1981-07-17,Calle Rodríguez #774,alicia.845@gfs.mx,5524123001,40263.69,Contador,Administración,2014-03-14,Domingo,junior,medio_tiempo
C,EMP1846,Andrés Romero García,1985-09-25,Calle López #75,andrés.846@gfs.mx,5595747226,51669.14,Diseñador,Finanzas,2013-07-20,Domingo,directivo,medio_tiempo
C,EMP1847,Karla Chavez García,1965-06-25,Calle Mendoza #118,karla.847@gfs.mx,5528318112,29626.62,Diseñador,Finanzas,2015-11-16,Domingo,junior,completa
C,EMP1848,Daniel Lara Cruz,1997-01-04,Calle Díaz #144,daniel.848@gfs.mx,5573188059,59225.6,Auditor,Contabilidad,2008-10-29,Sábado,directivo,completa
C,EMP1849,Javier Castillo Ramírez,1988-12-25,Calle Cervantes #401,javier.849@gfs.mx,5532609429,14655.12,Contador,Recursos Humanos,2020-03-12,Domingo,junior,medio_tiempo
C,EMP1850,Claudia Morales Vargas,1997-01-17,Calle García #915,claudia.850@gfs.mx,5581443936,22969.99,Diseñador,Recursos Humanos,2023-10-06,Sábado,senior,medio_tiempo
C,EMP1851,Mariana Martínez Mejía,1965-03-18,Calle Martínez #791,mariana.851@gfs.mx,5560653170,56026.85,Representante,Producción,2013-05-28,Sábado,junior,completa
C,EMP1852,Carlos Rojas López,1965-08-27,Calle Herrera #841,carlos.852@gfs.mx,5535790180,50797.57,Técnico,Producción,2024-10-15,Sábado,directivo,completa
C,EMP1853,Irene Rivera García,1983-08-25,Calle Romero #111,irene.853@gfs.mx,5553908184,29360.77,Desarrollador,Producción,2019-01-05,Sábado,directivo,medio_tiempo
C,EMP1854,Sergio Ramírez Reyes,1974-08-04,Calle Sánchez #366,sergio.854@gfs.mx,5553401695,20417.29,Supervisor,Calidad,2012-02-04,Sábado,senior,completa
C,EMP1855,Pablo Reyes Rodríguez,1994-07-08,Calle Ortiz #666,pablo.855@gfs.mx,5593739701,32138.8,Técnico,Producción,2014-03-22,Domingo,directivo,medio_tiempo
C,EMP1856,Sandra Salinas Guerrero,2000-06-30,Calle Espinoza #176,sandra.856@gfs.mx,5543814834,67542.08,Consultor,Administración,2019-02-25,Domingo,directivo,completa
C,EMP1857,Jorge Morales Fuentes,1999-03-03,Calle Palacios #326,jorge.857@gfs.mx,5599438746,38927.82,Especialista,Recursos Humanos,2018-08-26,Domingo,senior,completa
C,EMP1858,Adriana Delgado Salinas,1965-08-06,Calle Reyes #22,adriana.858@gfs.mx,5592724918,55536.46,Técnico,Logística,2010-04-21,Domingo,junior,completa
C,EMP1859,Roberto Torres Aguilar,1987-05-17,Calle Castillo #207,roberto.859@gfs.mx,5530356881,32544.88,Desarrollador,Recursos Humanos,2010-05-05,Domingo,directivo,medio_tiempo
C,EMP1860,Diana Ortiz Ramos,1993-11-14,Calle Soto #41,diana.860@gfs.mx,5579910371,57506.79,Supervisor,Calidad,2023-03-25,Domingo,junior,completa
C,EMP1861,Irene Herrera Herrera,1975-11-14,Calle Vargas #553,irene.861@gfs.mx,5517257686,64397.92,Desarrollador,Producción,2022-12-23,Sábado,directivo,medio_tiempo
C,EMP1862,Enrique Ramos Morales,1984-11-04,Calle Fuentes #7,enrique.862@gfs.mx,5518672730,62192.0,Técnico,Producción,2006-03-03,Sábado,junior,completa
C,EMP1863,Miguel Morales Delgado,1989-08-15,Calle Vargas #242,miguel.863@gfs.mx,5578105370,14689.87,Diseñador,Finanzas,2011-12-27,Sábado,directivo,completa
C,EMP1864,Héctor Núñez Morales,1992-03-06,Calle Cruz #311,héctor.864@gfs.mx,5548299416,44585.31,Desarrollador,Producción,2011-02-06,Domingo,junior,medio_tiempo
C,EMP1865,Arturo Vega Rivera,1986-02-12,Calle Díaz #433,arturo.865@gfs.mx,5577819218,46563.65,Supervisor,Contabilidad,2023-05-21,Domingo,junior,medio_tiempo
C,EMP1866,Sergio González Soto,1978-06-20,Calle Mejía #551,sergio.866@gfs.mx,5530508295,43171.13,Auxiliar,Logística,2013-07-14,Domingo,senior,medio_tiempo
C,EMP1867,Gabriela Vega Campos,1992-03-09,Calle Alvarez #74,gabriela.867@gfs.mx,5554725929,18199.38,Asistente,Producción,2008-06-21,Sábado,junior,completa
C,EMP1868,Adriana Figueroa Figueroa,1981-10-15,Calle Ruiz #415,adriana.868@gfs.mx,5565810437,66417.1,Diseñador,Administración,2013-08-13,Domingo,senior,completa
C,EMP1869,Verónica García Ramírez,1982-04-06,Calle Espinoza #167,verónica.869@gfs.mx,5536068867,55777.05,Operador,Soporte Técnico,2012-10-26,Domingo,directivo,medio_tiempo
C,EMP1870,Ángela Martínez Ríos,1982-04-15,Calle Núñez #754,ángela.870@gfs.mx,5543123836,24541.17,Analista,Administración,2019-02-25,Sábado,directivo,completa
C,EMP1871,Mónica Mejía Muñoz,1995-07-21,Calle Flores #261,mónica.871@gfs.mx,5543207452,46128.96,Desarrollador,Contabilidad,2005-04-12,Sábado,junior,medio_tiempo
C,EMP1872,Arturo Salinas Delgado,1968-08-09,Calle Contreras #932,arturo.872@gfs.mx,5535343427,62560.37,Auxiliar,Marketing,2010-09-03,Domingo,directivo,medio_tiempo
C,EMP1873,Ignacio Gutiérrez Figueroa,1983-06-19,Calle Soto #898,ignacio.873@gfs.mx,5521928391,16556.44,Consultor,Administración,2023-04-07,Sábado,senior,completa
C,EMP1874,Gerardo Chavez Palacios,1978-10-27,Calle Pérez #173,gerardo.874@gfs.mx,5575997979,10094.71,Técnico,Soporte Técnico,2014-05-16,Domingo,directivo,medio_tiempo
C,EMP1875,Irene Núñez Rivera,1972-11-30,Calle Aguilar #191,irene.875@gfs.mx,5528029744,21881.23,Auxiliar,Operaciones,2007-06-23,Domingo,directivo,completa
C,EMP1876,Javier Jiménez Martínez,1998-08-22,Calle Morales #829,javier.876@gfs.mx,5535754346,25561.11,Representante,Marketing,2014-11-20,Sábado,directivo,completa
C,EMP1877,Miguel Castillo González,1981-12-11,Calle Ramírez #284,miguel.877@gfs.mx,5518625158,30529.12,Consultor,Producción,2015-09-20,Domingo,directivo,completa
C,EMP1878,Ana Martínez Ortiz,1998-09-22,Calle Pérez #682,ana.878@gfs.mx,5588174504,57352.43,Analista,Sistemas,2009-09-26,Sábado,senior,medio_tiempo
C,EMP1879,Gustavo Alvarez Soto,1980-02-13,Calle Mejía #440,gustavo.879@gfs.mx,5555171003,32247.11,Representante,Administración,2012-01-27,Sábado,senior,medio_tiempo
C,EMP1880,Leticia Santiago Martínez,1980-12-21,Calle Herrera #826,leticia.880@gfs.mx,5523445578,10185.08,Auditor,Soporte Técnico,2014-01-05,Sábado,junior,completa
C,EMP1881,Enrique Ortiz Palacios,1998-09-16,Calle Cruz #378,enrique.881@gfs.mx,5570655417,47101.1,Desarrollador,Finanzas,2016-07-20,Domingo,directivo,completa
C,EMP1882,Ana Fuentes Ramos,1965-09-30,Calle Fuentes #369,ana.882@gfs.mx,5516141035,68175.85,Diseñador,Administración,2020-03-16,Domingo,junior,medio_tiempo
C,EMP1883,Arturo Cervantes Santiago,2000-08-13,Calle González #357,arturo.883@gfs.mx,5567433950,66345.09,Representante,Finanzas,2019-10-08,Sábado,directivo,medio_tiempo
C,EMP1884,Gabriela Mejía Jiménez,1996-12-08,Calle Flores #891,gabriela.884@gfs.mx,5579800523,62574.04,Contador,Soporte Técnico,2016-04-26,Sábado,junior,medio_tiempo
C,EMP1885,Miguel Gutiérrez Mora,1989-08-13,Calle Muñoz #173,miguel.885@gfs.mx,5569899586,67303.07,Asistente,Calidad,2017-02-16,Sábado,junior,completa
C,EMP1886,Valeria Soto Lara,1996-05-25,Calle González #109,valeria.886@gfs.mx,5568370404,69601.69,Analista,Contabilidad,2012-04-28,Domingo,senior,completa
C,EMP1887,Irene Mendoza Lara,1986-05-14,Calle Lara #127,irene.887@gfs.mx,5599318726,18145.39,Gestor,Calidad,2021-04-09,Domingo,junior,medio_tiempo
C,EMP1888,Sofía Espinoza Ibarra,1991-12-12,Calle Rodríguez #660,sofía.888@gfs.mx,5556066984,32620.62,Diseñador,Soporte Técnico,2021-07-05,Domingo,directivo,medio_tiempo
C,EMP1889,Sofía Reyes Mendoza,1970-03-11,Calle Castillo #90,sofía.889@gfs.mx,5524949509,15348.37,Diseñador,Ventas,2009-03-22,Sábado,directivo,medio_tiempo
C,EMP1890,Diana Ramos Vega,1990-11-18,Calle Cervantes #2,diana.890@gfs.mx,5551714724,13713.1,Gestor,Producción,2024-01-01,Domingo,senior,medio_tiempo
C,EMP1891,Hugo Aguilar Mora,2000-09-24,Calle Torres #533,hugo.891@gfs.mx,5599086047,46097.06,Coordinador,Sistemas,2013-11-13,Sábado,directivo,medio_tiempo
C,EMP1892,Fernanda Flores Castillo,1974-10-27,Calle Ruiz #697,fernanda.892@gfs.mx,5571174364,18845.52,Operador,Contabilidad,2021-10-03,Sábado,directivo,medio_tiempo
C,EMP1893,Alejandro Romero Palacios,1970-07-16,Calle Ortiz #869,alejandro.893@gfs.mx,5587037211,38696.96,Auditor,Producción,2016-02-08,Domingo,directivo,medio_tiempo
C,EMP1894,Roberto Herrera Flores,1997-02-25,Calle Vargas #869,roberto.894@gfs.mx,5540208616,52024.44,Analista,Contabilidad,2024-03-20,Domingo,directivo,medio_tiempo
C,EMP1895,Alejandro Lara Rivera,1965-12-20,Calle Campos #402,alejandro.895@gfs.mx,5555286423,35346.25,Asistente,Administración,2021-12-30,Domingo,senior,completa
C,EMP1896,Enrique Figueroa Castillo,1977-09-01,Calle Palacios #946,enrique.896@gfs.mx,5536184828,52066.52,Gestor,Marketing,2007-03-09,Sábado,senior,completa
C,EMP1897,Salvador Gutiérrez Muñoz,1994-05-14,Calle Rivera #592,salvador.897@gfs.mx,5528463119,36513.02,Asistente,Logística,2008-04-01,Sábado,junior,completa
C,EMP1898,Gerardo Ríos Pérez,1981-04-01,Calle Figueroa #877,gerardo.898@gfs.mx,5587266743,16116.87,Contador,Contabilidad,2013-06-12,Domingo,directivo,completa
C,EMP1899,Roberto Sánchez Medina,1986-04-04,Calle Morales #968,roberto.899@gfs.mx,5517042688,17040.81,Gestor,Calidad,2012-08-04,Domingo,junior,medio_tiempo
C,EMP1900,Héctor García Ramírez,1975-10-22,Calle Chavez #501,héctor.900@gfs.mx,5550626311,51279.05,Auxiliar,Calidad,2021-09-18,Domingo,directivo,completa
C,EMP1901,Hugo Muñoz Ríos,1982-02-21,Calle Ortiz #648,hugo.901@gfs.mx,5597670412,36707.1,Analista,Sistemas,2007-08-14,Sábado,junior,medio_tiempo
C,EMP1902,Ernesto Lara Romero,1975-02-03,Calle López #601,ernesto.902@gfs.mx,5586904329,69240.96,Asistente,Logística,2020-07-24,Sábado,directivo,completa
C,EMP1903,Leticia Alvarez Ríos,1996-07-10,Calle Núñez #306,leticia.903@gfs.mx,5586695110,17514.19,Especialista,Sistemas,2021-01-04,Sábado,senior,completa
C,EMP1904,Arturo Campos Guerrero,2000-02-23,Calle Contreras #501,arturo.904@gfs.mx,5518580762,41134.07,Consultor,Operaciones,2021-01-04,Sábado,junior,completa
C,EMP1905,Javier Mejía Palacios,1973-01-27,Calle Pérez #569,javier.905@gfs.mx,5570026580,58030.78,Técnico,Recursos Humanos,2007-11-22,Sábado,directivo,completa
C,EMP1906,Miguel Campos Mendoza,1998-10-13,Calle García #87,miguel.906@gfs.mx,5526739248,40368.9,Especialista,Operaciones,2008-11-06,Domingo,directivo,completa
C,EMP1907,Héctor Gutiérrez García,1988-04-20,Calle Castillo #675,héctor.907@gfs.mx,5581686010,36695.22,Consultor,Finanzas,2020-08-04,Domingo,directivo,medio_tiempo
C,EMP1908,Berenice Guerrero Romero,1974-06-01,Calle Palacios #102,berenice.908@gfs.mx,5598934947,59185.8,Coordinador,Recursos Humanos,2009-03-21,Sábado,senior,completa
C,EMP1909,Diana Mejía Campos,1974-09-10,Calle Delgado #368,diana.909@gfs.mx,5547231423,17709.53,Consultor,Marketing,2006-09-02,Domingo,senior,medio_tiempo
C,EMP1910,Ernesto Rivera Chavez,1985-06-17,Calle González #968,ernesto.910@gfs.mx,5544115380,50591.54,Diseñador,Contabilidad,2017-01-08,Sábado,junior,medio_tiempo
C,EMP1911,Liliana Palacios Ríos,1973-08-23,Calle Salinas #382,liliana.911@gfs.mx,5585650769,49439.08,Auditor,Operaciones,2018-07-27,Sábado,senior,completa
C,EMP1912,Fernanda Núñez Vega,1966-03-01,Calle Mejía #254,fernanda.912@gfs.mx,5520405175,26207.51,Gestor,Sistemas,2020-05-05,Domingo,junior,medio_tiempo
C,EMP1913,Liliana González Aguilar,1979-12-18,Calle Ibarra #280,liliana.913@gfs.mx,5529640030,62131.32,Coordinador,Logística,2005-03-22,Sábado,senior,completa
C,EMP1914,Leticia Sánchez Ramírez,1972-11-19,Calle Contreras #746,leticia.914@gfs.mx,5551144384,45329.62,Contador,Finanzas,2007-02-22,Domingo,directivo,medio_tiempo
C,EMP1915,Daniel Ortiz Mejía,1969-06-12,Calle Martínez #175,daniel.915@gfs.mx,5552680752,66790.62,Supervisor,Contabilidad,2012-09-28,Domingo,senior,completa
C,EMP1916,Mónica Pérez Mora,1988-01-15,Calle Salinas #160,mónica.916@gfs.mx,5598256603,17582.1,Supervisor,Ventas,2021-06-30,Domingo,junior,medio_tiempo
C,EMP1917,Salvador Ibarra Cruz,1995-06-04,Calle Mejía #429,salvador.917@gfs.mx,5571443076,20986.27,Especialista,Finanzas,2016-04-07,Domingo,senior,medio_tiempo
C,EMP1918,Enrique Salinas Reyes,1978-09-10,Calle Fuentes #879,enrique.918@gfs.mx,5521669195,66847.28,Supervisor,Administración,2023-12-17,Sábado,directivo,completa
C,EMP1919,Patricia Figueroa Cruz,1969-03-15,Calle Rivera #590,patricia.919@gfs.mx,5517705644,15075.11,Operador,Operaciones,2016-01-21,Sábado,senior,completa
C,EMP1920,Esperanza Ruiz Romero,1995-09-26,Calle Mora #910,esperanza.920@gfs.mx,5581458772,51872.92,Supervisor,Recursos Humanos,2018-10-28,Sábado,directivo,completa
C,EMP1921,Salvador Núñez Palacios,1988-12-20,Calle Cervantes #354,salvador.921@gfs.mx,5542779491,69653.32,Desarrollador,Operaciones,2020-05-05,Sábado,directivo,medio_tiempo
C,EMP1922,Valeria Mora Soto,1988-06-26,Calle Reyes #180,valeria.922@gfs.mx,5520082754,32023.06,Auxiliar,Operaciones,2012-12-04,Sábado,senior,medio_tiempo
C,EMP1923,Leticia Rivera Aguilar,1970-01-30,Calle Herrera #936,leticia.923@gfs.mx,5543522920,59903.58,Auditor,Sistemas,2011-07-05,Domingo,senior,medio_tiempo
C,EMP1924,Mónica Vargas Pérez,1998-02-08,Calle Fuentes #583,mónica.924@gfs.mx,5562830980,23047.79,Operador,Calidad,2016-07-25,Sábado,senior,medio_tiempo
C,EMP1925,Roberto Medina Pérez,1992-08-11,Calle Muñoz #337,roberto.925@gfs.mx,5550043946,31233.56,Analista,Administración,2024-12-19,Sábado,senior,medio_tiempo
C,EMP1926,Ana Sánchez Núñez,1987-01-27,Calle Jiménez #87,ana.926@gfs.mx,5581014138,40859.12,Auxiliar,Marketing,2007-10-12,Domingo,junior,completa
C,EMP1927,Hugo Lara Mendoza,1975-02-22,Calle Alvarez #405,hugo.927@gfs.mx,5560238966,27957.1,Supervisor,Contabilidad,2017-01-12,Domingo,junior,medio_tiempo
C,EMP1928,Norma Díaz Rivera,1971-04-11,Calle Medina #766,norma.928@gfs.mx,5568245146,10348.61,Representante,Soporte Técnico,2009-06-14,Sábado,junior,medio_tiempo
C,EMP1929,Lucía Torres Chavez,1983-11-21,Calle Cervantes #340,lucía.929@gfs.mx,5514242158,19618.75,Coordinador,Finanzas,2019-12-03,Domingo,junior,medio_tiempo
C,EMP1930,Gustavo Campos Ruiz,2000-11-17,Calle Mora #732,gustavo.930@gfs.mx,5527103900,29493.26,Contador,Marketing,2016-04-04,Domingo,junior,completa
C,EMP1931,Sandra López Torres,1971-12-24,Calle Medina #513,sandra.931@gfs.mx,5511831931,56043.1,Coordinador,Recursos Humanos,2020-03-19,Domingo,senior,completa
C,EMP1932,Sergio Alvarez Castillo,1977-08-29,Calle Ruiz #85,sergio.932@gfs.mx,5567572954,24864.84,Auxiliar,Soporte Técnico,2016-06-20,Sábado,junior,medio_tiempo
C,EMP1933,Hugo Ramírez Mendoza,1996-06-11,Calle Cruz #683,hugo.933@gfs.mx,5567600736,21904.75,Diseñador,Sistemas,2020-09-22,Sábado,junior,completa
C,EMP1934,Sofía Ramírez Torres,1983-01-01,Calle García #281,sofía.934@gfs.mx,5535793612,65745.9,Supervisor,Recursos Humanos,2018-10-30,Sábado,junior,completa
C,EMP1935,Leticia Rojas Contreras,1978-09-30,Calle Palacios #649,leticia.935@gfs.mx,5541061693,23306.51,Supervisor,Finanzas,2006-05-18,Domingo,directivo,completa
C,EMP1936,Alejandro Ramírez Ortiz,1981-04-23,Calle Ortiz #966,alejandro.936@gfs.mx,5557113712,52695.14,Coordinador,Administración,2006-01-25,Sábado,junior,completa
C,EMP1937,Roberto Lara Cervantes,1979-06-06,Calle Vargas #293,roberto.937@gfs.mx,5573358574,26809.56,Consultor,Sistemas,2014-08-31,Sábado,senior,medio_tiempo
C,EMP1938,Raúl Herrera Gutiérrez,1970-01-02,Calle Sánchez #686,raúl.938@gfs.mx,5511833626,50977.69,Contador,Contabilidad,2012-06-06,Domingo,directivo,medio_tiempo
C,EMP1939,Gerardo Ibarra Delgado,1988-09-21,Calle Mejía #381,gerardo.939@gfs.mx,5541977671,49014.9,Coordinador,Ventas,2013-08-13,Sábado,junior,completa
C,EMP1940,Liliana Cervantes Mejía,1970-05-26,Calle García #601,liliana.940@gfs.mx,5597826062,59044.55,Coordinador,Soporte Técnico,2014-12-31,Sábado,junior,medio_tiempo
C,EMP1941,Alejandro Figueroa Alvarez,1999-02-20,Calle Jiménez #547,alejandro.941@gfs.mx,5530625554,12628.67,Coordinador,Marketing,2017-05-07,Domingo,directivo,medio_tiempo
C,EMP1942,Raúl Díaz Fuentes,1997-03-06,Calle Ramírez #933,raúl.942@gfs.mx,5568535809,14062.51,Supervisor,Operaciones,2016-04-20,Sábado,junior,medio_tiempo
C,EMP1943,Ángela Torres Castillo,1967-01-15,Calle Espinoza #63,ángela.943@gfs.mx,5535526992,54442.91,Supervisor,Finanzas,2020-05-11,Sábado,junior,medio_tiempo
C,EMP1944,Alicia Romero Vega,1990-03-26,Calle Ibarra #400,alicia.944@gfs.mx,5563801036,46433.1,Coordinador,Contabilidad,2005-01-30,Sábado,directivo,completa
C,EMP1945,Ignacio Palacios Pérez,2000-06-19,Calle Romero #467,ignacio.945@gfs.mx,5577621275,52465.24,Gestor,Logística,2011-10-22,Sábado,senior,medio_tiempo
C,EMP1946,Daniel Ramírez Rivera,1975-01-17,Calle García #547,daniel.946@gfs.mx,5541972914,27510.6,Desarrollador,Contabilidad,2024-10-26,Domingo,junior,medio_tiempo
C,EMP1947,Roberto Ríos Cruz,1974-06-03,Calle Guerrero #119,roberto.947@gfs.mx,5510187899,48918.73,Desarrollador,Ventas,2013-04-12,Domingo,junior,medio_tiempo
C,EMP1948,Irene Torres Rojas,1992-06-06,Calle Castillo #333,irene.948@gfs.mx,5517685767,47557.32,Analista,Administración,2009-12-02,Domingo,junior,medio_tiempo
C,EMP1949,Carlos Guerrero Lara,1999-11-28,Calle Ibarra #598,carlos.949@gfs.mx,5524286501,53356.13,Diseñador,Marketing,2019-09-01,Domingo,directivo,completa
C,EMP1950,Mariana Reyes Ramos,1977-01-21,Calle Vargas #596,mariana.950@gfs.mx,5594530413,58463.98,Contador,Marketing,2008-06-29,Domingo,junior,medio_tiempo
C,EMP1951,Raúl Flores Alvarez,1969-03-16,Calle Ruiz #186,raúl.951@gfs.mx,5571658297,21101.68,Auditor,Contabilidad,2009-03-28,Domingo,directivo,completa
C,EMP1952,Ernesto Castillo López,1978-11-30,Calle Rivera #907,ernesto.952@gfs.mx,5533855089,59049.95,Desarrollador,Ventas,2009-03-19,Sábado,junior,completa
C,EMP1953,Sergio Cruz Muñoz,1993-12-09,Calle Chavez #103,sergio.953@gfs.mx,5580703020,18237.48,Contador,Recursos Humanos,2018-07-14,Sábado,senior,medio_tiempo
C,EMP1954,Carlos Ramírez Pérez,1999-04-01,Calle Ríos #958,carlos.954@gfs.mx,5515870689,17930.74,Contador,Sistemas,2011-01-02,Sábado,directivo,completa
C,EMP1955,Ana Sánchez Guerrero,1998-01-08,Calle Herrera #874,ana.955@gfs.mx,5521403835,22139.3,Asistente,Ventas,2014-12-19,Sábado,senior,medio_tiempo
C,EMP1956,Esperanza Flores Cruz,1967-07-05,Calle Guerrero #709,esperanza.956@gfs.mx,5545897422,47649.15,Técnico,Recursos Humanos,2023-07-03,Sábado,junior,medio_tiempo
C,EMP1957,Sandra Romero Rojas,1971-05-13,Calle Pérez #935,sandra.957@gfs.mx,5540106747,11440.05,Supervisor,Marketing,2008-04-22,Domingo,directivo,medio_tiempo
C,EMP1958,Sofía Mora Vega,1995-10-22,Calle Salinas #843,sofía.958@gfs.mx,5525087236,39509.23,Técnico,Producción,2007-04-14,Domingo,senior,completa
C,EMP1959,Alfredo Herrera Ramírez,1981-03-04,Calle González #918,alfredo.959@gfs.mx,5515817913,46270.38,Auxiliar,Marketing,2016-11-24,Domingo,directivo,completa
C,EMP1960,Víctor Núñez Flores,1994-12-07,Calle Mora #309,víctor.960@gfs.mx,5593853635,59053.75,Especialista,Sistemas,2011-01-30,Domingo,directivo,medio_tiempo
C,EMP1961,Mónica Salinas Rodríguez,2000-05-21,Calle Pérez #883,mónica.961@gfs.mx,5529950518,56667.04,Auxiliar,Administración,2008-04-25,Domingo,senior,medio_tiempo
C,EMP1962,Patricia Ramírez Espinoza,1984-03-05,Calle Figueroa #286,patricia.962@gfs.mx,5529416986,15426.82,Auxiliar,Contabilidad,2022-03-20,Domingo,senior,medio_tiempo
C,EMP1963,Gustavo Núñez Alvarez,1996-02-09,Calle Rojas #617,gustavo.963@gfs.mx,5595443567,30007.91,Contador,Calidad,2010-07-08,Domingo,senior,medio_tiempo
C,EMP1964,Silvia Guerrero Ruiz,1988-11-20,Calle Guerrero #842,silvia.964@gfs.mx,5540885447,33077.64,Consultor,Soporte Técnico,2014-06-18,Sábado,directivo,completa
C,EMP1965,Héctor Aguilar Pérez,1974-02-13,Calle López #372,héctor.965@gfs.mx,5584943752,38435.58,Auxiliar,Sistemas,2006-05-04,Domingo,senior,completa
C,EMP1966,Gabriela Muñoz Flores,1989-09-27,Calle Rojas #249,gabriela.966@gfs.mx,5538284690,59669.31,Analista,Soporte Técnico,2008-02-03,Sábado,directivo,completa
C,EMP1967,Leticia Figueroa López,1996-03-24,Calle Núñez #381,leticia.967@gfs.mx,5517258943,52084.11,Desarrollador,Ventas,2006-08-28,Domingo,directivo,completa
C,EMP1968,Carlos Flores Aguilar,1971-05-04,Calle González #251,carlos.968@gfs.mx,5520343529,10748.66,Auditor,Marketing,2008-05-11,Sábado,senior,completa
C,EMP1969,Gerardo Contreras Palacios,1978-06-09,Calle Alvarez #422,gerardo.969@gfs.mx,5555276604,36638.42,Desarrollador,Soporte Técnico,2005-04-19,Domingo,junior,completa
C,EMP1970,Roberto Ríos García,1992-02-07,Calle Soto #178,roberto.970@gfs.mx,5577551168,19620.93,Supervisor,Marketing,2020-04-01,Domingo,directivo,medio_tiempo
C,EMP1971,Yolanda Romero Gutiérrez,1996-10-27,Calle Reyes #434,yolanda.971@gfs.mx,5531045425,26309.66,Técnico,Operaciones,2013-06-20,Sábado,directivo,completa
C,EMP1972,Arturo Santiago Martínez,1974-10-27,Calle Chavez #189,arturo.972@gfs.mx,5585067208,46305.0,Técnico,Soporte Técnico,2015-07-05,Domingo,senior,medio_tiempo
C,EMP1973,Leticia Rivera Martínez,1981-08-31,Calle Ríos #435,leticia.973@gfs.mx,5536136297,26195.17,Técnico,Sistemas,2013-02-19,Domingo,junior,completa
C,EMP1974,Gabriela Rivera Guerrero,1969-10-11,Calle Rodríguez #217,gabriela.974@gfs.mx,5590142849,10658.62,Representante,Logística,2009-03-18,Sábado,directivo,completa
C,EMP1975,Héctor Ortiz González,1990-07-29,Calle Espinoza #46,héctor.975@gfs.mx,5585663810,69189.64,Asistente,Recursos Humanos,2006-01-29,Domingo,junior,medio_tiempo
C,EMP1976,Ana Medina Soto,1977-09-01,Calle Chavez #513,ana.976@gfs.mx,5536156848,28868.35,Supervisor,Soporte Técnico,2012-12-25,Sábado,directivo,completa
C,EMP1977,Jorge Rojas Cervantes,1987-08-04,Calle Sánchez #515,jorge.977@gfs.mx,5530157712,11421.12,Contador,Marketing,2015-09-13,Sábado,senior,completa
C,EMP1978,Fernando Mora Muñoz,1968-07-14,Calle Fuentes #96,fernando.978@gfs.mx,5541080809,63064.12,Contador,Calidad,2019-09-04,Sábado,directivo,completa
C,EMP1979,Adriana Contreras Figueroa,1992-04-22,Calle Ríos #536,adriana.979@gfs.mx,5555823984,36848.81,Auxiliar,Administración,2011-07-11,Domingo,directivo,medio_tiempo
C,EMP1980,Lucía Salinas Ibarra,1995-08-20,Calle Vega #245,lucía.980@gfs.mx,5538027431,69820.57,Consultor,Sistemas,2008-06-02,Domingo,junior,completa
C,EMP1981,Fernando Ibarra Gutiérrez,1989-07-18,Calle González #511,fernando.981@gfs.mx,5522631766,37288.47,Auxiliar,Logística,2008-08-15,Sábado,senior,medio_tiempo
C,EMP1982,Claudia González Rodríguez,1973-01-14,Calle Salinas #791,claudia.982@gfs.mx,5571839630,25476.65,Asistente,Logística,2022-02-12,Domingo,directivo,completa
C,EMP1983,Eduardo Espinoza Ruiz,1966-10-11,Calle Aguilar #880,eduardo.983@gfs.mx,5548470165,34056.35,Auditor,Ventas,2020-04-07,Sábado,senior,medio_tiempo
C,EMP1984,Adriana Santiago Ramos,1981-10-06,Calle González #699,adriana.984@gfs.mx,5565457991,40356.55,Operador,Calidad,2005-12-16,Sábado,directivo,completa
C,EMP1985,Ángela Campos Pérez,1971-12-08,Calle Sánchez #298,ángela.985@gfs.mx,5560441933,19492.35,Supervisor,Sistemas,2010-01-02,Domingo,senior,completa
C,EMP1986,Claudia Muñoz Muñoz,1993-10-27,Calle Guerrero #922,claudia.986@gfs.mx,5572391513,16547.14,Auxiliar,Soporte Técnico,2007-06-07,Domingo,senior,completa
C,EMP1987,Arturo Herrera Rodríguez,1979-03-27,Calle Herrera #619,arturo.987@gfs.mx,5575269412,22758.11,Diseñador,Finanzas,2007-07-26,Domingo,senior,completa
C,EMP1988,Silvia Flores Alvarez,1971-07-13,Calle Fuentes #219,silvia.988@gfs.mx,5552974720,44092.39,Consultor,Marketing,2006-05-27,Domingo,senior,medio_tiempo
C,EMP1989,Andrés Martínez Vargas,1966-01-11,Calle Soto #701,andrés.989@gfs.mx,5566763408,26190.89,Desarrollador,Contabilidad,2006-11-16,Sábado,junior,medio_tiempo
C,EMP1990,Arturo González Gutiérrez,1996-12-12,Calle Díaz #893,arturo.990@gfs.mx,5566334114,41486.68,Desarrollador,Logística,2009-02-16,Sábado,junior,medio_tiempo
C,EMP1991,Jorge Soto Gutiérrez,1972-05-19,Calle Jiménez #358,jorge.991@gfs.mx,5566250794,38897.52,Gestor,Soporte Técnico,2022-08-01,Sábado,directivo,medio_tiempo
C,EMP1992,Claudia Palacios Espinoza,1982-06-16,Calle Pérez #575,claudia.992@gfs.mx,5590145249,21913.6,Diseñador,Calidad,2017-12-22,Sábado,senior,medio_tiempo
C,EMP1993,Ana Flores Muñoz,1971-08-14,Calle Ruiz #886,ana.993@gfs.mx,5552467541,16816.41,Desarrollador,Marketing,2010-11-23,Sábado,senior,completa
C,EMP1994,Liliana Díaz Fuentes,1990-12-12,Calle Sánchez #38,liliana.994@gfs.mx,5539343051,54742.45,Coordinador,Marketing,2020-08-15,Sábado,directivo,medio_tiempo
C,EMP1995,Andrés Medina Vargas,1973-07-29,Calle Mora #591,andrés.995@gfs.mx,5511928845,32215.38,Especialista,Recursos Humanos,2011-10-10,Domingo,directivo,completa
C,EMP1996,Ángela Ruiz Ríos,1985-06-16,Calle Rojas #421,ángela.996@gfs.mx,5557208264,31132.67,Gestor,Marketing,2016-09-25,Domingo,junior,completa
C,EMP1997,Pablo Núñez Aguilar,1972-12-08,Calle Campos #610,pablo.997@gfs.mx,5531831471,42565.77,Supervisor,Logística,2023-12-15,Domingo,directivo,medio_tiempo
C,EMP1998,Ángela Santiago Sánchez,1968-12-06,Calle Sánchez #92,ángela.998@gfs.mx,5597191136,10985.59,Representante,Marketing,2007-04-30,Domingo,directivo,completa
C,EMP1999,Liliana Díaz Romero,1991-01-27,Calle García #684,liliana.999@gfs.mx,5548910317,61102.32,Coordinador,Producción,2022-06-05,Domingo,directivo,medio_tiempo
C,EMP2000,Eduardo Jiménez Alvarez,1970-08-01,Calle Medina #991,eduardo.1000@gfs.mx,5572269929,34776.08,Auditor,Calidad,2020-10-14,Domingo,junior,medio_tiempo
T,EMP2001,Sofía Romero Castillo,1977-01-02,Calle Lara #271,sofía.1001@gfs.mx,5551258084,60309.05,Contador,Marketing,2020-02-07,Sábado,obra,2020-02-07,2021-10-03
T,EMP2002,Lucía Pérez López,1971-11-18,Calle Aguilar #861,lucía.1002@gfs.mx,5579654067,59202.06,Consultor,Administración,2012-07-08,Sábado,interinato,2012-07-08,2014-03-20
T,EMP2003,Héctor Campos Chavez,1973-08-23,Calle Santiago #660,héctor.1003@gfs.mx,5562790213,59712.99,Contador,Ventas,2014-08-17,Sábado,interinato,2014-08-17,2016-03-18
T,EMP2004,Irene Morales Chavez,1979-04-10,Calle Contreras #163,irene.1004@gfs.mx,5568707047,23858.17,Diseñador,Contabilidad,2016-04-23,Sábado,interinato,2016-04-23,2017-11-25
T,EMP2005,Alicia Fuentes Mendoza,1989-10-20,Calle Rivera #972,alicia.1005@gfs.mx,5553272417,22225.75,Técnico,Recursos Humanos,2014-10-24,Sábado,interinato,2014-10-24,2015-09-25
T,EMP2006,Carlos Santiago Salinas,1989-05-22,Calle González #586,carlos.1006@gfs.mx,5561325510,11517.39,Diseñador,Contabilidad,2015-03-06,Domingo,obra,2015-03-06,2016-05-04
T,EMP2007,Ernesto Reyes Gutiérrez,1973-09-11,Calle Guerrero #861,ernesto.1007@gfs.mx,5542917490,53578.76,Contador,Marketing,2022-04-13,Domingo,interinato,2022-04-13,2022-12-01
T,EMP2008,Ricardo González Flores,1993-02-22,Calle López #654,ricardo.1008@gfs.mx,5587759654,62016.34,Técnico,Finanzas,2018-05-14,Sábado,obra,2018-05-14,2019-04-04
T,EMP2009,Gabriela Mendoza Morales,1969-03-01,Calle Rodríguez #507,gabriela.1009@gfs.mx,5558505926,64763.15,Coordinador,Marketing,2007-04-05,Domingo,obra,2007-04-05,2008-11-28
T,EMP2010,Patricia Ruiz Fuentes,1968-06-04,Calle Vargas #704,patricia.1010@gfs.mx,5566358979,32515.26,Especialista,Calidad,2015-02-11,Sábado,obra,2015-02-11,2016-06-10
T,EMP2011,Ana Morales Lara,1990-06-13,Calle Fuentes #622,ana.1011@gfs.mx,5514221211,17032.43,Especialista,Administración,2015-11-09,Sábado,obra,2015-11-09,2017-10-23
T,EMP2012,Gerardo Mendoza Ramírez,1973-08-26,Calle Mejía #31,gerardo.1012@gfs.mx,5581934552,11382.29,Gestor,Contabilidad,2009-11-07,Domingo,obra,2009-11-07,2010-12-14
T,EMP2013,Carlos Ramos Torres,1974-11-10,Calle González #746,carlos.1013@gfs.mx,5526989313,26055.43,Asistente,Producción,2007-01-24,Domingo,interinato,2007-01-24,2008-05-19
T,EMP2014,Pablo Cervantes Ruiz,1984-07-24,Calle Romero #970,pablo.1014@gfs.mx,5563679326,65340.89,Operador,Contabilidad,2009-06-10,Domingo,temporada,2009-06-10,2010-03-22
T,EMP2015,Ignacio Ibarra Delgado,1978-12-24,Calle Rivera #814,ignacio.1015@gfs.mx,5537626276,67225.72,Asistente,Marketing,2024-10-20,Domingo,temporada,2024-10-20,2026-01-21
T,EMP2016,Fernanda Santiago Sánchez,1992-03-29,Calle Vega #440,fernanda.1016@gfs.mx,5536806068,44028.52,Especialista,Calidad,2023-05-19,Sábado,temporada,2023-05-19,2024-05-04
T,EMP2017,Lucía Romero Mendoza,1991-04-30,Calle Rojas #301,lucía.1017@gfs.mx,5591051682,59601.19,Desarrollador,Operaciones,2012-11-25,Domingo,obra,2012-11-25,2013-09-18
T,EMP2018,Javier Ramos Núñez,2000-06-24,Calle Morales #367,javier.1018@gfs.mx,5542926044,14358.42,Desarrollador,Administración,2013-05-06,Sábado,temporada,2013-05-06,2014-03-07
T,EMP2019,Ana Ramos Palacios,1965-06-28,Calle Salinas #337,ana.1019@gfs.mx,5538692049,37922.6,Contador,Administración,2010-03-21,Sábado,temporada,2010-03-21,2011-07-04
T,EMP2020,Berenice Vargas Contreras,1974-10-03,Calle Sánchez #575,berenice.1020@gfs.mx,5547319033,52975.94,Representante,Calidad,2006-09-05,Domingo,interinato,2006-09-05,2008-05-22
T,EMP2021,Fernanda Ramos Jiménez,1973-11-04,Calle Martínez #822,fernanda.1021@gfs.mx,5576294734,39919.06,Operador,Marketing,2007-09-04,Sábado,temporada,2007-09-04,2008-08-24
T,EMP2022,Berenice Ramos Delgado,1982-03-05,Calle Cruz #591,berenice.1022@gfs.mx,5512854636,27102.21,Desarrollador,Ventas,2005-02-08,Domingo,temporada,2005-02-08,2005-12-19
T,EMP2023,Arturo García Guerrero,1988-08-30,Calle García #346,arturo.1023@gfs.mx,5596540325,10976.34,Asistente,Sistemas,2023-08-13,Domingo,interinato,2023-08-13,2024-12-13
T,EMP2024,Ricardo Ramos Soto,1980-07-06,Calle Chavez #82,ricardo.1024@gfs.mx,5584685481,56476.81,Asistente,Ventas,2006-01-21,Domingo,temporada,2006-01-21,2007-10-28
T,EMP2025,Gustavo Ríos Ramírez,1981-10-10,Calle Santiago #106,gustavo.1025@gfs.mx,5513930993,23440.86,Auditor,Recursos Humanos,2008-02-11,Sábado,temporada,2008-02-11,2009-10-29
T,EMP2026,Sofía Rivera González,1973-07-29,Calle Figueroa #924,sofía.1026@gfs.mx,5559510172,58968.86,Gestor,Recursos Humanos,2020-06-09,Sábado,temporada,2020-06-09,2021-01-19
T,EMP2027,Eduardo Martínez Gutiérrez,1968-05-14,Calle Mendoza #338,eduardo.1027@gfs.mx,5592241997,57497.67,Supervisor,Logística,2020-09-02,Sábado,obra,2020-09-02,2022-06-15
T,EMP2028,Eduardo Torres Ramos,1971-08-22,Calle Soto #599,eduardo.1028@gfs.mx,5565471370,48214.22,Desarrollador,Sistemas,2016-09-14,Sábado,interinato,2016-09-14,2018-07-15
T,EMP2029,Norma Ruiz Ortiz,1979-06-11,Calle Ibarra #749,norma.1029@gfs.mx,5574787744,23549.83,Operador,Logística,2020-12-15,Sábado,temporada,2020-12-15,2022-02-16
T,EMP2030,Norma Ríos Cervantes,1974-03-28,Calle Palacios #80,norma.1030@gfs.mx,5520085710,68305.91,Analista,Producción,2005-04-18,Sábado,temporada,2005-04-18,2006-11-13
T,EMP2031,Karla Ruiz Sánchez,1980-04-09,Calle Vargas #834,karla.1031@gfs.mx,5589258668,55696.15,Gestor,Administración,2022-01-21,Domingo,interinato,2022-01-21,2023-10-27
T,EMP2032,Ernesto Flores Romero,1969-09-28,Calle Torres #225,ernesto.1032@gfs.mx,5558807442,33134.54,Asistente,Ventas,2016-07-08,Sábado,temporada,2016-07-08,2017-07-15
T,EMP2033,Patricia Ortiz Núñez,1972-05-14,Calle Mora #315,patricia.1033@gfs.mx,5587476147,48902.98,Auxiliar,Finanzas,2024-08-26,Sábado,interinato,2024-08-26,2025-06-14
T,EMP2034,Héctor López Muñoz,1973-05-23,Calle Ortiz #30,héctor.1034@gfs.mx,5573919907,49713.13,Asistente,Administración,2010-12-16,Sábado,interinato,2010-12-16,2011-09-08
T,EMP2035,Claudia Núñez Vargas,1971-10-04,Calle Chavez #515,claudia.1035@gfs.mx,5567827496,40475.61,Analista,Finanzas,2011-02-12,Domingo,obra,2011-02-12,2011-09-30
T,EMP2036,Ernesto Vega Figueroa,1983-12-16,Calle Jiménez #302,ernesto.1036@gfs.mx,5535427499,34161.53,Consultor,Logística,2016-11-17,Domingo,interinato,2016-11-17,2018-08-02
T,EMP2037,Sandra Mora Martínez,1993-12-29,Calle Cruz #982,sandra.1037@gfs.mx,5524909280,23174.79,Analista,Recursos Humanos,2017-11-26,Domingo,obra,2017-11-26,2018-07-31
T,EMP2038,Silvia Sánchez Ortiz,1975-02-28,Calle Santiago #717,silvia.1038@gfs.mx,5564299043,33514.49,Técnico,Producción,2021-06-18,Domingo,temporada,2021-06-18,2022-07-13
T,EMP2039,Valeria Vargas Medina,1993-07-27,Calle Castillo #723,valeria.1039@gfs.mx,5590035829,27278.72,Analista,Sistemas,2009-02-25,Domingo,interinato,2009-02-25,2010-07-02
T,EMP2040,Ángela Cruz Rivera,1979-02-19,Calle Mora #72,ángela.1040@gfs.mx,5532366774,21240.66,Representante,Finanzas,2008-03-07,Sábado,interinato,2008-03-07,2010-01-01
T,EMP2041,Sergio Herrera López,1972-12-18,Calle Mendoza #903,sergio.1041@gfs.mx,5520331687,20243.51,Contador,Recursos Humanos,2018-04-29,Domingo,temporada,2018-04-29,2018-10-27
T,EMP2042,Gustavo Cruz Alvarez,1969-11-28,Calle García #839,gustavo.1042@gfs.mx,5512334156,44036.0,Operador,Producción,2016-10-13,Sábado,obra,2016-10-13,2017-07-16
T,EMP2043,Sandra Gutiérrez Cervantes,1980-01-22,Calle Díaz #503,sandra.1043@gfs.mx,5557081034,69387.59,Operador,Calidad,2015-11-30,Domingo,temporada,2015-11-30,2017-09-09
T,EMP2044,Ana Medina Gutiérrez,1996-11-09,Calle Herrera #913,ana.1044@gfs.mx,5579502107,56471.58,Auditor,Ventas,2015-11-12,Sábado,temporada,2015-11-12,2017-10-23
T,EMP2045,Irene Fuentes López,1971-08-21,Calle Rojas #877,irene.1045@gfs.mx,5539562206,49562.01,Auxiliar,Administración,2016-03-02,Sábado,obra,2016-03-02,2017-11-13
T,EMP2046,Raúl Vargas Cervantes,1969-01-02,Calle Jiménez #943,raúl.1046@gfs.mx,5560704539,48324.03,Operador,Calidad,2020-03-23,Domingo,interinato,2020-03-23,2021-03-17
T,EMP2047,Mónica Mora Medina,1979-11-10,Calle Chavez #604,mónica.1047@gfs.mx,5566008290,66715.99,Operador,Logística,2009-04-11,Sábado,interinato,2009-04-11,2011-03-24
T,EMP2048,Ángela Herrera Santiago,1970-07-08,Calle Núñez #815,ángela.1048@gfs.mx,5571072780,43999.75,Contador,Administración,2011-06-21,Sábado,obra,2011-06-21,2013-05-11
T,EMP2049,Víctor Flores Muñoz,1995-07-19,Calle Flores #536,víctor.1049@gfs.mx,5548893851,47427.71,Desarrollador,Contabilidad,2011-10-24,Domingo,temporada,2011-10-24,2012-06-26
T,EMP2050,Gabriela Pérez Muñoz,1966-11-02,Calle Vargas #290,gabriela.1050@gfs.mx,5589600725,17406.15,Asistente,Logística,2005-02-11,Domingo,temporada,2005-02-11,2005-08-10
T,EMP2051,Roberto Mendoza Torres,1980-09-16,Calle Castillo #805,roberto.1051@gfs.mx,5577376391,49919.56,Contador,Operaciones,2008-06-24,Sábado,interinato,2008-06-24,2009-09-24
T,EMP2052,Fernando Figueroa Jiménez,1984-05-19,Calle Delgado #941,fernando.1052@gfs.mx,5520833778,27448.12,Analista,Finanzas,2012-12-15,Sábado,interinato,2012-12-15,2014-07-13
T,EMP2053,Sergio Chavez Sánchez,1976-09-20,Calle Gutiérrez #612,sergio.1053@gfs.mx,5551706253,20398.12,Supervisor,Calidad,2024-08-24,Domingo,interinato,2024-08-24,2025-07-12
T,EMP2054,Víctor Ibarra Jiménez,1976-03-20,Calle Torres #427,víctor.1054@gfs.mx,5584394708,21971.39,Operador,Sistemas,2011-09-02,Domingo,interinato,2011-09-02,2012-09-03
T,EMP2055,Leticia Núñez Sánchez,1971-03-21,Calle Contreras #453,leticia.1055@gfs.mx,5552045107,40228.91,Desarrollador,Soporte Técnico,2013-01-08,Domingo,temporada,2013-01-08,2014-09-17
T,EMP2056,Pablo Rojas Rojas,1985-09-10,Calle López #935,pablo.1056@gfs.mx,5585015510,11585.33,Contador,Marketing,2006-12-26,Sábado,interinato,2006-12-26,2008-04-28
T,EMP2057,Héctor Delgado Romero,1981-09-27,Calle Torres #636,héctor.1057@gfs.mx,5582916404,63994.74,Representante,Logística,2006-03-15,Domingo,obra,2006-03-15,2007-10-28
T,EMP2058,Norma Pérez Muñoz,1999-03-24,Calle Contreras #472,norma.1058@gfs.mx,5517294228,15079.55,Operador,Calidad,2007-05-27,Domingo,interinato,2007-05-27,2008-03-01
T,EMP2059,Gabriela Espinoza Alvarez,1995-12-24,Calle Herrera #886,gabriela.1059@gfs.mx,5518169131,17286.56,Consultor,Calidad,2016-06-16,Sábado,interinato,2016-06-16,2017-07-10
T,EMP2060,Enrique Flores Campos,1998-03-20,Calle Ruiz #140,enrique.1060@gfs.mx,5540003511,63703.14,Desarrollador,Contabilidad,2011-10-01,Domingo,interinato,2011-10-01,2012-04-04
T,EMP2061,Gustavo Santiago Palacios,1974-01-02,Calle Ramírez #69,gustavo.1061@gfs.mx,5510004793,19181.33,Representante,Sistemas,2016-08-29,Sábado,obra,2016-08-29,2017-09-22
T,EMP2062,Sandra Alvarez López,1987-09-10,Calle Díaz #401,sandra.1062@gfs.mx,5517469640,65562.67,Operador,Marketing,2015-11-07,Sábado,obra,2015-11-07,2017-01-26
T,EMP2063,Alfredo Mora Díaz,1994-07-11,Calle Santiago #127,alfredo.1063@gfs.mx,5568029531,18774.78,Analista,Contabilidad,2008-03-06,Sábado,obra,2008-03-06,2010-02-07
T,EMP2064,Gerardo Palacios Guerrero,1973-12-27,Calle Alvarez #492,gerardo.1064@gfs.mx,5548927998,27366.94,Técnico,Ventas,2016-01-22,Domingo,interinato,2016-01-22,2017-04-27
T,EMP2065,Arturo Vega Palacios,2000-11-17,Calle Sánchez #476,arturo.1065@gfs.mx,5565954896,58809.62,Auxiliar,Recursos Humanos,2011-05-11,Domingo,obra,2011-05-11,2012-12-09
T,EMP2066,Ana Delgado Gutiérrez,1966-07-13,Calle Ríos #667,ana.1066@gfs.mx,5598206742,47192.59,Analista,Administración,2008-02-16,Domingo,interinato,2008-02-16,2009-11-26
T,EMP2067,Ricardo Pérez Rivera,1981-01-18,Calle Romero #877,ricardo.1067@gfs.mx,5577539115,22646.81,Representante,Soporte Técnico,2016-10-11,Domingo,interinato,2016-10-11,2017-06-12
T,EMP2068,Javier Ríos Flores,1980-10-13,Calle Ríos #737,javier.1068@gfs.mx,5585584413,30357.46,Diseñador,Contabilidad,2011-03-31,Domingo,temporada,2011-03-31,2011-12-05
T,EMP2069,Ernesto Alvarez Vega,1986-03-01,Calle Mejía #675,ernesto.1069@gfs.mx,5534209460,44562.34,Representante,Operaciones,2022-05-24,Domingo,obra,2022-05-24,2023-10-17
T,EMP2070,Ignacio Delgado Medina,1991-03-22,Calle Santiago #850,ignacio.1070@gfs.mx,5564193609,14054.2,Analista,Soporte Técnico,2008-07-27,Sábado,obra,2008-07-27,2009-05-11
T,EMP2071,Gustavo Mora Alvarez,1979-07-09,Calle Soto #238,gustavo.1071@gfs.mx,5541758221,16325.91,Representante,Contabilidad,2021-05-02,Domingo,temporada,2021-05-02,2022-01-02
T,EMP2072,Roberto Santiago Mendoza,1970-02-19,Calle García #868,roberto.1072@gfs.mx,5519782015,36491.71,Especialista,Ventas,2019-02-28,Sábado,obra,2019-02-28,2020-07-20
T,EMP2073,Sandra Palacios Díaz,1981-12-10,Calle Torres #653,sandra.1073@gfs.mx,5587011402,43388.09,Coordinador,Logística,2016-01-07,Domingo,interinato,2016-01-07,2017-04-23
T,EMP2074,Sofía Jiménez Cervantes,1972-04-09,Calle Núñez #834,sofía.1074@gfs.mx,5580938021,58520.33,Coordinador,Sistemas,2018-01-21,Sábado,interinato,2018-01-21,2018-10-26
T,EMP2075,Andrés García Torres,1965-03-27,Calle Aguilar #793,andrés.1075@gfs.mx,5564764506,44097.7,Auditor,Sistemas,2012-08-23,Sábado,interinato,2012-08-23,2014-08-13
T,EMP2076,Gustavo Jiménez Vargas,1990-08-02,Calle Alvarez #513,gustavo.1076@gfs.mx,5557258874,31389.11,Representante,Operaciones,2024-02-22,Sábado,obra,2024-02-22,2025-11-12
T,EMP2077,Sergio Fuentes Vega,1968-03-07,Calle Espinoza #81,sergio.1077@gfs.mx,5527071472,56943.24,Operador,Sistemas,2007-08-25,Domingo,obra,2007-08-25,2008-04-13
T,EMP2078,Berenice Guerrero Herrera,1966-01-05,Calle Reyes #842,berenice.1078@gfs.mx,5548909246,65336.4,Operador,Marketing,2020-10-10,Domingo,obra,2020-10-10,2021-09-16
T,EMP2079,Gabriela Rodríguez Guerrero,1990-10-23,Calle Cruz #874,gabriela.1079@gfs.mx,5579492537,65908.54,Gestor,Logística,2013-12-15,Sábado,interinato,2013-12-15,2014-10-04
T,EMP2080,Ignacio Alvarez Mendoza,1994-04-21,Calle López #34,ignacio.1080@gfs.mx,5555371664,35284.34,Coordinador,Administración,2024-12-01,Sábado,obra,2024-12-01,2025-12-25
T,EMP2081,Daniel Figueroa Herrera,1998-12-22,Calle Lara #935,daniel.1081@gfs.mx,5518365590,24137.03,Técnico,Ventas,2018-09-07,Sábado,temporada,2018-09-07,2019-05-17
T,EMP2082,Verónica Mejía Cervantes,1992-06-22,Calle González #909,verónica.1082@gfs.mx,5584011044,38726.29,Auxiliar,Logística,2021-03-23,Sábado,obra,2021-03-23,2021-10-25
T,EMP2083,Gustavo Romero Reyes,1994-03-05,Calle Medina #442,gustavo.1083@gfs.mx,5574101392,28205.1,Auditor,Producción,2005-06-25,Sábado,obra,2005-06-25,2006-07-10
T,EMP2084,Silvia Mejía Vega,1995-08-04,Calle Mora #756,silvia.1084@gfs.mx,5512428651,43149.76,Analista,Marketing,2022-03-05,Domingo,interinato,2022-03-05,2023-01-07
T,EMP2085,Sergio Palacios Núñez,1989-08-26,Calle Torres #119,sergio.1085@gfs.mx,5568781037,17079.55,Consultor,Administración,2012-11-21,Sábado,temporada,2012-11-21,2014-08-10
T,EMP2086,Roberto Cruz Reyes,1969-02-16,Calle Delgado #11,roberto.1086@gfs.mx,5540484320,34783.93,Contador,Operaciones,2017-09-28,Sábado,obra,2017-09-28,2018-12-07
T,EMP2087,Roberto Rodríguez Martínez,1970-09-08,Calle Díaz #185,roberto.1087@gfs.mx,5547929390,12623.17,Especialista,Ventas,2019-09-12,Sábado,temporada,2019-09-12,2020-07-20
T,EMP2088,Berenice Chavez Alvarez,1994-07-01,Calle Ramírez #673,berenice.1088@gfs.mx,5520308436,14582.67,Gestor,Producción,2016-02-07,Domingo,obra,2016-02-07,2017-11-02
T,EMP2089,Salvador Gutiérrez Aguilar,1999-12-31,Calle Campos #300,salvador.1089@gfs.mx,5597730595,24652.35,Representante,Logística,2012-02-26,Sábado,obra,2012-02-26,2013-08-13
T,EMP2090,Verónica Salinas Santiago,1986-10-24,Calle Ortiz #81,verónica.1090@gfs.mx,5537320680,64722.95,Auditor,Operaciones,2010-03-04,Domingo,interinato,2010-03-04,2011-04-03
T,EMP2091,Eduardo Aguilar Figueroa,2000-05-06,Calle Flores #37,eduardo.1091@gfs.mx,5541555291,51900.52,Desarrollador,Finanzas,2007-07-25,Sábado,temporada,2007-07-25,2008-02-24
T,EMP2092,Ricardo Ortiz Delgado,1982-03-27,Calle Gutiérrez #848,ricardo.1092@gfs.mx,5521340498,13583.2,Auditor,Ventas,2013-08-12,Domingo,obra,2013-08-12,2015-03-06
T,EMP2093,Leticia Díaz García,1975-01-26,Calle Vargas #389,leticia.1093@gfs.mx,5534753345,49595.54,Gestor,Recursos Humanos,2019-10-25,Domingo,obra,2019-10-25,2021-04-13
T,EMP2094,Carlos Mejía Soto,1980-01-31,Calle Mendoza #830,carlos.1094@gfs.mx,5589317124,22992.65,Analista,Administración,2021-04-12,Domingo,temporada,2021-04-12,2021-12-06
T,EMP2095,Sandra Campos Vega,1997-05-10,Calle Mora #295,sandra.1095@gfs.mx,5581774457,37810.15,Consultor,Soporte Técnico,2017-09-30,Domingo,obra,2017-09-30,2019-04-23
T,EMP2096,Pablo Cervantes Cruz,1970-12-01,Calle Pérez #288,pablo.1096@gfs.mx,5546828381,15132.21,Coordinador,Operaciones,2011-08-21,Domingo,interinato,2011-08-21,2013-03-27
T,EMP2097,Lucía Santiago Ortiz,1981-03-24,Calle Ortiz #676,lucía.1097@gfs.mx,5543623322,56945.58,Contador,Ventas,2005-04-12,Sábado,temporada,2005-04-12,2006-09-02
T,EMP2098,Mónica Morales Díaz,1985-10-04,Calle López #451,mónica.1098@gfs.mx,5511190605,37986.37,Especialista,Finanzas,2019-04-22,Sábado,temporada,2019-04-22,2019-12-17
T,EMP2099,Ignacio González Ortiz,1992-05-18,Calle Campos #322,ignacio.1099@gfs.mx,5518595771,36426.37,Operador,Logística,2010-10-28,Domingo,obra,2010-10-28,2011-12-14
T,EMP2100,Liliana Morales Flores,1992-09-20,Calle Ríos #51,liliana.1100@gfs.mx,5541228768,16866.79,Analista,Contabilidad,2020-05-08,Domingo,interinato,2020-05-08,2021-09-24
T,EMP2101,Lucía Campos Salinas,1975-03-24,Calle Martínez #975,lucía.1101@gfs.mx,5544769739,68516.94,Analista,Calidad,2023-12-14,Domingo,interinato,2023-12-14,2024-07-26
T,EMP2102,Berenice Cruz Medina,1969-11-24,Calle Rodríguez #520,berenice.1102@gfs.mx,5569567530,16790.95,Técnico,Producción,2009-07-30,Domingo,interinato,2009-07-30,2011-02-10
T,EMP2103,Víctor Rojas Rodríguez,1993-10-17,Calle Núñez #897,víctor.1103@gfs.mx,5547994945,18584.77,Especialista,Ventas,2022-09-05,Domingo,temporada,2022-09-05,2024-04-24
T,EMP2104,Ernesto Aguilar Alvarez,1978-03-11,Calle Santiago #32,ernesto.1104@gfs.mx,5531516822,32098.11,Operador,Contabilidad,2018-04-06,Sábado,obra,2018-04-06,2019-05-07
T,EMP2105,Fernanda Romero Salinas,2000-01-11,Calle Cervantes #521,fernanda.1105@gfs.mx,5588045796,52770.41,Coordinador,Marketing,2023-08-20,Sábado,interinato,2023-08-20,2024-07-18
T,EMP2106,Leticia Soto Ríos,1968-07-09,Calle Rodríguez #982,leticia.1106@gfs.mx,5540142752,43924.14,Consultor,Calidad,2017-04-19,Domingo,interinato,2017-04-19,2018-02-17
T,EMP2107,Enrique Martínez Mejía,1986-03-10,Calle Lara #538,enrique.1107@gfs.mx,5579838315,36461.04,Operador,Producción,2023-10-02,Domingo,obra,2023-10-02,2025-03-01
T,EMP2108,Héctor Ibarra Aguilar,1975-05-11,Calle Muñoz #323,héctor.1108@gfs.mx,5525490996,51584.39,Asistente,Soporte Técnico,2024-09-28,Domingo,temporada,2024-09-28,2025-06-16
T,EMP2109,Claudia Campos Romero,1968-06-06,Calle Aguilar #670,claudia.1109@gfs.mx,5574982119,46313.12,Asistente,Marketing,2010-02-26,Sábado,interinato,2010-02-26,2011-05-02
T,EMP2110,Hugo Rojas Mora,1991-03-26,Calle Lara #142,hugo.1110@gfs.mx,5591274963,25616.74,Operador,Administración,2012-01-16,Sábado,obra,2012-01-16,2013-09-05
T,EMP2111,Verónica Romero Flores,1990-11-03,Calle Ruiz #648,verónica.1111@gfs.mx,5536589097,63992.35,Representante,Finanzas,2005-05-08,Sábado,obra,2005-05-08,2007-01-06
T,EMP2112,Mónica Soto Campos,1996-11-29,Calle Alvarez #761,mónica.1112@gfs.mx,5523555369,17583.88,Analista,Marketing,2005-07-16,Sábado,obra,2005-07-16,2006-05-27
T,EMP2113,Adriana Contreras Vega,1983-12-12,Calle Medina #131,adriana.1113@gfs.mx,5563998141,51815.72,Coordinador,Soporte Técnico,2011-08-01,Sábado,temporada,2011-08-01,2013-01-06
T,EMP2114,Ignacio Mejía Santiago,1969-11-01,Calle Figueroa #47,ignacio.1114@gfs.mx,5519898898,54324.91,Especialista,Finanzas,2014-03-04,Domingo,interinato,2014-03-04,2015-11-20
T,EMP2115,Gabriela Soto Alvarez,1996-05-28,Calle Torres #752,gabriela.1115@gfs.mx,5534622346,53422.45,Consultor,Operaciones,2006-11-18,Sábado,obra,2006-11-18,2008-05-29
T,EMP2116,Víctor Ríos Muñoz,1982-01-07,Calle Ramos #450,víctor.1116@gfs.mx,5533719260,40520.03,Consultor,Logística,2022-05-04,Sábado,obra,2022-05-04,2023-08-31
T,EMP2117,Gustavo Herrera Martínez,1990-04-22,Calle Contreras #919,gustavo.1117@gfs.mx,5580490297,44789.69,Auditor,Marketing,2011-05-26,Domingo,temporada,2011-05-26,2012-10-13
T,EMP2118,Alicia Morales Flores,1966-11-19,Calle Cervantes #904,alicia.1118@gfs.mx,5538277083,35832.26,Operador,Ventas,2024-09-23,Domingo,obra,2024-09-23,2026-03-12
T,EMP2119,Gabriela Rivera Ramírez,1977-11-30,Calle Ortiz #499,gabriela.1119@gfs.mx,5568910408,23418.0,Auxiliar,Logística,2010-10-27,Sábado,obra,2010-10-27,2012-02-04
T,EMP2120,Fernando Sánchez Vargas,1989-10-08,Calle Romero #773,fernando.1120@gfs.mx,5532662988,11641.01,Representante,Recursos Humanos,2024-12-23,Sábado,obra,2024-12-23,2026-11-03
T,EMP2121,Carlos Aguilar Vargas,1977-08-23,Calle Espinoza #437,carlos.1121@gfs.mx,5569703357,41253.63,Auditor,Finanzas,2011-08-14,Sábado,interinato,2011-08-14,2012-06-11
T,EMP2122,Mariana Núñez Ruiz,1976-10-19,Calle González #886,mariana.1122@gfs.mx,5528363405,69584.64,Diseñador,Calidad,2007-08-13,Domingo,obra,2007-08-13,2008-09-23
T,EMP2123,Irene Rodríguez Ramos,1972-01-12,Calle Romero #344,irene.1123@gfs.mx,5547058592,37207.84,Diseñador,Operaciones,2020-01-28,Sábado,interinato,2020-01-28,2021-06-13
T,EMP2124,Lucía Núñez Sánchez,1996-08-18,Calle Contreras #326,lucía.1124@gfs.mx,5535554877,60485.86,Desarrollador,Calidad,2005-10-19,Sábado,obra,2005-10-19,2006-09-04
T,EMP2125,Ignacio Vega Reyes,1995-03-17,Calle Jiménez #272,ignacio.1125@gfs.mx,5573097822,19085.99,Auditor,Contabilidad,2021-06-15,Domingo,temporada,2021-06-15,2022-04-25
T,EMP2126,Karla Fuentes González,1988-02-29,Calle Figueroa #768,karla.1126@gfs.mx,5538747971,10191.86,Técnico,Finanzas,2017-07-05,Sábado,interinato,2017-07-05,2018-07-02
T,EMP2127,Lucía Rojas Palacios,1976-10-20,Calle Santiago #390,lucía.1127@gfs.mx,5594694927,45033.94,Desarrollador,Administración,2015-11-11,Sábado,temporada,2015-11-11,2017-01-01
T,EMP2128,Gabriela Lara Ruiz,1986-12-28,Calle Fuentes #402,gabriela.1128@gfs.mx,5590241009,31427.67,Asistente,Logística,2007-03-02,Sábado,obra,2007-03-02,2008-06-18
T,EMP2129,Verónica Díaz Ramos,1976-02-06,Calle Lara #436,verónica.1129@gfs.mx,5525544987,20571.67,Especialista,Calidad,2007-07-20,Domingo,interinato,2007-07-20,2009-02-26
T,EMP2130,Salvador Torres Ibarra,1986-09-13,Calle Ruiz #616,salvador.1130@gfs.mx,5565298095,51233.32,Analista,Logística,2011-01-04,Sábado,temporada,2011-01-04,2011-09-03
T,EMP2131,Daniel Ibarra Ramos,1976-09-26,Calle Mora #326,daniel.1131@gfs.mx,5565194233,33482.7,Asistente,Marketing,2013-12-10,Domingo,obra,2013-12-10,2015-03-09
T,EMP2132,Gustavo Figueroa Reyes,1980-03-30,Calle Fuentes #839,gustavo.1132@gfs.mx,5516124158,28510.64,Supervisor,Producción,2017-11-03,Sábado,interinato,2017-11-03,2018-11-29
T,EMP2133,Hugo Fuentes Ramírez,1992-07-06,Calle Santiago #338,hugo.1133@gfs.mx,5527342988,46297.67,Analista,Soporte Técnico,2005-06-22,Domingo,obra,2005-06-22,2006-11-25
T,EMP2134,Claudia Ibarra Ibarra,1989-10-20,Calle Rodríguez #671,claudia.1134@gfs.mx,5516605553,41118.94,Especialista,Operaciones,2009-06-14,Sábado,interinato,2009-06-14,2011-01-20
T,EMP2135,Salvador Reyes Castillo,2000-12-11,Calle Rivera #933,salvador.1135@gfs.mx,5560181317,29890.13,Coordinador,Operaciones,2021-06-13,Sábado,obra,2021-06-13,2022-01-15
T,EMP2136,Carlos Soto Contreras,1969-08-07,Calle Romero #408,carlos.1136@gfs.mx,5575082169,12537.11,Operador,Logística,2005-07-18,Sábado,interinato,2005-07-18,2006-09-24
T,EMP2137,Lucía Ortiz Cervantes,1970-07-19,Calle Vega #672,lucía.1137@gfs.mx,5563787880,17871.59,Diseñador,Logística,2024-05-02,Sábado,obra,2024-05-02,2025-01-12
T,EMP2138,Adriana Figueroa Salinas,1999-03-14,Calle Figueroa #426,adriana.1138@gfs.mx,5512705048,10884.51,Auditor,Operaciones,2018-07-27,Sábado,obra,2018-07-27,2020-02-27
T,EMP2139,Karla Mejía Gutiérrez,2000-03-15,Calle Ramos #436,karla.1139@gfs.mx,5578767208,54609.0,Operador,Logística,2015-04-18,Sábado,obra,2015-04-18,2016-07-11
T,EMP2140,Ernesto Espinoza Alvarez,1981-11-22,Calle Castillo #440,ernesto.1140@gfs.mx,5522490623,23335.18,Supervisor,Operaciones,2011-04-01,Domingo,temporada,2011-04-01,2013-03-27
T,EMP2141,Adriana Cruz Vega,1965-10-10,Calle Ruiz #746,adriana.1141@gfs.mx,5562834161,67087.44,Contador,Operaciones,2021-01-10,Sábado,temporada,2021-01-10,2022-02-23
T,EMP2142,Yolanda López Chavez,1999-08-06,Calle Reyes #458,yolanda.1142@gfs.mx,5559636618,38608.38,Técnico,Calidad,2011-12-20,Domingo,obra,2011-12-20,2012-09-10
T,EMP2143,Sandra Campos Rivera,1974-04-26,Calle Ruiz #608,sandra.1143@gfs.mx,5543550279,15033.33,Supervisor,Ventas,2023-10-19,Domingo,interinato,2023-10-19,2024-12-10
T,EMP2144,Roberto Ibarra Ruiz,1976-04-22,Calle Rojas #319,roberto.1144@gfs.mx,5555347939,60059.41,Analista,Administración,2020-06-15,Domingo,obra,2020-06-15,2021-09-12
T,EMP2145,Ángela Vargas Soto,1990-03-25,Calle Ruiz #559,ángela.1145@gfs.mx,5577084096,28780.97,Desarrollador,Producción,2012-03-21,Domingo,interinato,2012-03-21,2014-01-24
T,EMP2146,Adriana Campos Cervantes,1997-11-19,Calle González #944,adriana.1146@gfs.mx,5524098750,35542.12,Técnico,Marketing,2007-11-09,Sábado,obra,2007-11-09,2009-10-21
T,EMP2147,Gerardo Ramírez Rivera,1973-11-08,Calle Díaz #891,gerardo.1147@gfs.mx,5525255803,12343.72,Supervisor,Finanzas,2008-10-30,Domingo,obra,2008-10-30,2010-06-30
T,EMP2148,Arturo Pérez Castillo,1970-04-11,Calle Núñez #302,arturo.1148@gfs.mx,5546387450,41348.81,Consultor,Administración,2017-08-24,Sábado,obra,2017-08-24,2018-12-14
T,EMP2149,Enrique Mora Vargas,1992-07-17,Calle Salinas #381,enrique.1149@gfs.mx,5579709974,46271.07,Asistente,Finanzas,2009-09-22,Domingo,interinato,2009-09-22,2010-08-06
T,EMP2150,Valeria Contreras Salinas,1986-04-04,Calle Pérez #326,valeria.1150@gfs.mx,5565875235,20753.55,Asistente,Sistemas,2005-02-15,Domingo,interinato,2005-02-15,2006-02-22
T,EMP2151,Karla Palacios Sánchez,1989-02-14,Calle Muñoz #339,karla.1151@gfs.mx,5522712374,13666.47,Asistente,Ventas,2008-07-05,Sábado,temporada,2008-07-05,2009-08-20
T,EMP2152,Claudia Fuentes Pérez,1973-08-23,Calle Ortiz #292,claudia.1152@gfs.mx,5567198985,45068.1,Operador,Administración,2019-01-03,Domingo,temporada,2019-01-03,2020-01-25
T,EMP2153,Patricia Delgado Flores,1969-08-15,Calle Figueroa #222,patricia.1153@gfs.mx,5547579022,20699.52,Consultor,Sistemas,2007-11-04,Domingo,temporada,2007-11-04,2009-02-09
T,EMP2154,Gerardo Santiago Lara,1986-03-28,Calle Vargas #173,gerardo.1154@gfs.mx,5510358466,57001.89,Coordinador,Sistemas,2023-01-08,Sábado,obra,2023-01-08,2023-12-22
T,EMP2155,Esperanza Pérez Ramos,1968-06-28,Calle Martínez #141,esperanza.1155@gfs.mx,5578679917,58434.06,Supervisor,Calidad,2015-08-01,Domingo,temporada,2015-08-01,2017-06-23
T,EMP2156,Alicia Ramírez Cruz,1990-02-16,Calle Chavez #387,alicia.1156@gfs.mx,5561744941,52374.68,Especialista,Logística,2023-10-24,Domingo,interinato,2023-10-24,2024-07-10
T,EMP2157,Berenice Vargas Rivera,1993-06-06,Calle Ortiz #729,berenice.1157@gfs.mx,5529177565,60392.57,Gestor,Finanzas,2015-12-29,Domingo,interinato,2015-12-29,2016-10-27
T,EMP2158,Daniel Núñez Ríos,1980-08-14,Calle Morales #26,daniel.1158@gfs.mx,5559081701,61322.34,Contador,Calidad,2012-10-05,Domingo,obra,2012-10-05,2013-10-15
T,EMP2159,Leticia Aguilar Morales,1998-07-16,Calle Pérez #201,leticia.1159@gfs.mx,5569335049,31659.48,Coordinador,Recursos Humanos,2018-02-24,Domingo,temporada,2018-02-24,2018-11-27
T,EMP2160,Raúl Mendoza Romero,1965-08-01,Calle Mejía #280,raúl.1160@gfs.mx,5514500077,48833.09,Desarrollador,Finanzas,2013-12-07,Sábado,interinato,2013-12-07,2015-02-19
T,EMP2161,Ricardo Fuentes Martínez,1990-09-01,Calle López #884,ricardo.1161@gfs.mx,5573190952,69833.89,Desarrollador,Finanzas,2015-12-31,Sábado,temporada,2015-12-31,2016-10-12
T,EMP2162,Lucía Aguilar López,1992-06-30,Calle Salinas #157,lucía.1162@gfs.mx,5533744145,62254.79,Auxiliar,Sistemas,2014-05-31,Sábado,obra,2014-05-31,2016-02-24
T,EMP2163,Liliana Salinas Martínez,1979-02-05,Calle Sánchez #879,liliana.1163@gfs.mx,5583025649,26648.69,Auditor,Producción,2019-09-11,Sábado,temporada,2019-09-11,2021-01-27
T,EMP2164,Salvador Rivera Delgado,1997-05-24,Calle Aguilar #529,salvador.1164@gfs.mx,5511902027,66432.71,Supervisor,Marketing,2023-10-16,Sábado,obra,2023-10-16,2024-10-27
T,EMP2165,Alicia Romero Flores,1997-09-13,Calle Ortiz #86,alicia.1165@gfs.mx,5533163997,36603.93,Operador,Ventas,2009-06-16,Domingo,obra,2009-06-16,2009-12-16
T,EMP2166,Alejandro Ortiz Campos,1980-09-24,Calle Ramírez #350,alejandro.1166@gfs.mx,5572579321,44090.4,Diseñador,Sistemas,2017-09-13,Domingo,obra,2017-09-13,2018-07-09
T,EMP2167,Miguel Morales Figueroa,1968-11-16,Calle Morales #326,miguel.1167@gfs.mx,5589342612,47597.5,Analista,Contabilidad,2022-09-10,Sábado,obra,2022-09-10,2024-03-26
T,EMP2168,Pablo González Figueroa,1976-01-26,Calle Gutiérrez #858,pablo.1168@gfs.mx,5596210380,66559.45,Auditor,Producción,2021-10-06,Sábado,temporada,2021-10-06,2022-05-28
T,EMP2169,Leticia Salinas Castillo,1972-12-26,Calle Ortiz #144,leticia.1169@gfs.mx,5585838379,28932.46,Coordinador,Producción,2011-02-13,Sábado,obra,2011-02-13,2012-06-09
T,EMP2170,Mónica Palacios Díaz,1976-11-13,Calle González #502,mónica.1170@gfs.mx,5557667842,44721.77,Especialista,Calidad,2016-09-24,Domingo,interinato,2016-09-24,2017-09-13
T,EMP2171,Lucía Delgado Vega,1971-12-27,Calle Guerrero #583,lucía.1171@gfs.mx,5538274681,69625.34,Supervisor,Administración,2019-06-29,Domingo,obra,2019-06-29,2020-12-10
T,EMP2172,Ángela Romero Campos,1998-05-03,Calle Ortiz #93,ángela.1172@gfs.mx,5578890262,56404.54,Operador,Producción,2015-06-29,Domingo,obra,2015-06-29,2016-04-22
T,EMP2173,Enrique Lara Fuentes,1973-05-13,Calle Alvarez #144,enrique.1173@gfs.mx,5572712813,45209.25,Especialista,Ventas,2013-06-23,Sábado,temporada,2013-06-23,2014-04-06
T,EMP2174,Liliana Medina Pérez,1972-02-14,Calle Rojas #487,liliana.1174@gfs.mx,5554924348,30200.31,Representante,Sistemas,2009-03-13,Domingo,temporada,2009-03-13,2010-02-22
T,EMP2175,Pablo Guerrero Morales,1998-09-26,Calle López #450,pablo.1175@gfs.mx,5592760305,37386.74,Consultor,Soporte Técnico,2014-10-04,Domingo,temporada,2014-10-04,2015-12-07
T,EMP2176,Mónica Figueroa Aguilar,1991-12-16,Calle Herrera #495,mónica.1176@gfs.mx,5563841858,28010.4,Representante,Producción,2022-02-12,Sábado,temporada,2022-02-12,2023-10-21
T,EMP2177,Hugo Ortiz Espinoza,1982-12-23,Calle Delgado #30,hugo.1177@gfs.mx,5532015192,40732.26,Representante,Logística,2024-11-19,Sábado,interinato,2024-11-19,2025-10-07
T,EMP2178,Diana Lara Herrera,2000-05-16,Calle Martínez #994,diana.1178@gfs.mx,5522133101,28556.41,Contador,Contabilidad,2022-12-23,Domingo,temporada,2022-12-23,2024-07-30
T,EMP2179,Valeria Muñoz Pérez,1994-07-18,Calle Flores #206,valeria.1179@gfs.mx,5533094634,28076.94,Técnico,Contabilidad,2010-04-19,Sábado,temporada,2010-04-19,2011-01-16
T,EMP2180,Irene Cruz Flores,1995-09-19,Calle Campos #866,irene.1180@gfs.mx,5560232033,10296.69,Auxiliar,Administración,2007-03-30,Domingo,interinato,2007-03-30,2008-11-02
T,EMP2181,Ángela Vargas Alvarez,1994-12-26,Calle Vega #852,ángela.1181@gfs.mx,5572207767,52373.45,Contador,Sistemas,2013-09-11,Sábado,temporada,2013-09-11,2014-07-24
T,EMP2182,Arturo Ibarra Ramos,1977-09-14,Calle Mora #748,arturo.1182@gfs.mx,5566987832,45816.33,Gestor,Sistemas,2012-10-12,Domingo,interinato,2012-10-12,2013-05-07
T,EMP2183,Sofía Mejía Morales,1999-06-12,Calle Cruz #378,sofía.1183@gfs.mx,5558624457,30391.06,Auditor,Recursos Humanos,2018-09-11,Domingo,obra,2018-09-11,2019-10-31
T,EMP2184,Diana Ruiz Jiménez,1966-12-26,Calle Vargas #310,diana.1184@gfs.mx,5568438483,15571.02,Supervisor,Calidad,2009-01-13,Domingo,obra,2009-01-13,2010-04-29
T,EMP2185,Alejandro Vega Mora,1986-07-25,Calle García #268,alejandro.1185@gfs.mx,5566604567,20771.08,Supervisor,Calidad,2016-08-09,Sábado,temporada,2016-08-09,2017-04-30
T,EMP2186,Claudia Mora Figueroa,1969-07-20,Calle Ríos #884,claudia.1186@gfs.mx,5564287520,58213.02,Analista,Contabilidad,2012-02-27,Sábado,interinato,2012-02-27,2014-01-26
T,EMP2187,Leticia Mora Muñoz,1965-07-09,Calle Ruiz #670,leticia.1187@gfs.mx,5599952040,34102.2,Contador,Recursos Humanos,2011-10-18,Domingo,temporada,2011-10-18,2012-08-11
T,EMP2188,Berenice Díaz Romero,1981-09-22,Calle Ibarra #485,berenice.1188@gfs.mx,5554971462,60650.1,Especialista,Sistemas,2022-08-14,Sábado,temporada,2022-08-14,2024-08-07
T,EMP2189,Alicia Vega Mora,1968-08-03,Calle Flores #8,alicia.1189@gfs.mx,5555246901,66892.07,Diseñador,Ventas,2010-10-14,Sábado,interinato,2010-10-14,2012-07-20
T,EMP2190,Sergio Martínez Muñoz,1977-08-21,Calle García #125,sergio.1190@gfs.mx,5575715873,37615.04,Analista,Ventas,2020-05-24,Domingo,temporada,2020-05-24,2022-01-29
T,EMP2191,Jorge Mora Castillo,1999-05-26,Calle López #556,jorge.1191@gfs.mx,5545867744,20723.69,Especialista,Marketing,2005-05-24,Domingo,temporada,2005-05-24,2006-09-20
T,EMP2192,Liliana García Mejía,1970-01-04,Calle Medina #750,liliana.1192@gfs.mx,5514914026,41876.11,Supervisor,Producción,2008-12-06,Sábado,interinato,2008-12-06,2009-09-08
T,EMP2193,Diana Figueroa Flores,1993-05-23,Calle Ruiz #442,diana.1193@gfs.mx,5546869104,30723.18,Asistente,Soporte Técnico,2018-11-05,Sábado,interinato,2018-11-05,2020-10-21
T,EMP2194,Yolanda Muñoz García,1968-06-07,Calle Ramos #382,yolanda.1194@gfs.mx,5515138845,18805.03,Diseñador,Calidad,2023-03-23,Sábado,temporada,2023-03-23,2025-02-24
T,EMP2195,Irene González Herrera,1993-07-25,Calle Cervantes #310,irene.1195@gfs.mx,5566711004,34044.38,Auxiliar,Soporte Técnico,2010-10-06,Sábado,temporada,2010-10-06,2011-08-01
T,EMP2196,Karla Espinoza Mendoza,1978-08-08,Calle Santiago #527,karla.1196@gfs.mx,5582364511,61254.62,Coordinador,Soporte Técnico,2022-12-03,Sábado,temporada,2022-12-03,2024-09-27
T,EMP2197,Andrés Soto Núñez,1977-04-30,Calle Cervantes #706,andrés.1197@gfs.mx,5534926040,26611.23,Desarrollador,Recursos Humanos,2018-07-25,Domingo,obra,2018-07-25,2019-11-08
T,EMP2198,Ricardo Pérez Rojas,1974-04-17,Calle López #801,ricardo.1198@gfs.mx,5565609738,49432.77,Operador,Logística,2015-05-17,Domingo,obra,2015-05-17,2016-06-26
T,EMP2199,Sofía López Salinas,1979-07-25,Calle Reyes #66,sofía.1199@gfs.mx,5592058877,27269.88,Diseñador,Ventas,2023-07-20,Domingo,interinato,2023-07-20,2025-03-21
T,EMP2200,Liliana Mejía Herrera,1989-04-16,Calle Vega #488,liliana.1200@gfs.mx,5584847472,10754.03,Especialista,Administración,2012-10-08,Domingo,obra,2012-10-08,2014-07-23
T,EMP2201,Gerardo Ruiz Vargas,1988-11-16,Calle Palacios #175,gerardo.1201@gfs.mx,5562353135,25341.56,Analista,Calidad,2024-02-12,Sábado,interinato,2024-02-12,2025-12-21
T,EMP2202,Daniel Medina González,1974-04-24,Calle Cervantes #543,daniel.1202@gfs.mx,5559552038,28241.96,Contador,Administración,2015-02-16,Domingo,obra,2015-02-16,2016-01-21
T,EMP2203,Alfredo Delgado Rivera,1993-01-01,Calle Medina #579,alfredo.1203@gfs.mx,5567919082,34923.58,Contador,Recursos Humanos,2021-11-08,Domingo,interinato,2021-11-08,2023-09-21
T,EMP2204,Héctor Vega Guerrero,1970-11-28,Calle Vega #622,héctor.1204@gfs.mx,5526575085,15818.79,Coordinador,Producción,2007-06-26,Domingo,obra,2007-06-26,2008-06-02
T,EMP2205,Hugo Ibarra Cervantes,1982-12-29,Calle Campos #419,hugo.1205@gfs.mx,5557247944,55076.86,Supervisor,Ventas,2011-04-04,Domingo,temporada,2011-04-04,2012-01-17
T,EMP2206,Norma Mora Fuentes,1999-03-04,Calle Fuentes #326,norma.1206@gfs.mx,5577418191,42137.62,Supervisor,Producción,2024-04-08,Domingo,temporada,2024-04-08,2026-01-23
T,EMP2207,Gabriela Díaz Rivera,1972-12-20,Calle Chavez #296,gabriela.1207@gfs.mx,5510447935,41959.94,Especialista,Finanzas,2019-09-20,Sábado,interinato,2019-09-20,2020-06-26
T,EMP2208,Leticia Delgado Ríos,1983-10-04,Calle Rojas #421,leticia.1208@gfs.mx,5535350367,48185.01,Consultor,Producción,2008-02-10,Sábado,interinato,2008-02-10,2009-09-30
T,EMP2209,Carlos Ramos Santiago,1976-03-19,Calle Rivera #583,carlos.1209@gfs.mx,5593952534,38314.81,Técnico,Administración,2005-07-06,Domingo,interinato,2005-07-06,2007-06-09
T,EMP2210,Karla Rivera Muñoz,1981-07-22,Calle Figueroa #896,karla.1210@gfs.mx,5542120359,20512.66,Representante,Soporte Técnico,2009-06-25,Domingo,obra,2009-06-25,2010-10-18
T,EMP2211,Patricia López Vargas,1990-11-29,Calle Muñoz #471,patricia.1211@gfs.mx,5542889647,51020.27,Asistente,Producción,2022-11-15,Sábado,temporada,2022-11-15,2024-10-07
T,EMP2212,Ernesto Ramírez Mejía,1979-11-11,Calle Rivera #251,ernesto.1212@gfs.mx,5572037075,53322.78,Técnico,Recursos Humanos,2021-10-16,Sábado,interinato,2021-10-16,2023-06-04
T,EMP2213,Enrique Alvarez Vega,1968-02-27,Calle Rojas #981,enrique.1213@gfs.mx,5544900534,63001.42,Gestor,Sistemas,2021-01-20,Sábado,temporada,2021-01-20,2022-11-23
T,EMP2214,Irene Martínez Castillo,1982-11-15,Calle Figueroa #788,irene.1214@gfs.mx,5515356154,31802.4,Diseñador,Operaciones,2019-02-11,Domingo,temporada,2019-02-11,2019-12-15
T,EMP2215,Sandra Flores Mendoza,1999-01-01,Calle Delgado #772,sandra.1215@gfs.mx,5525003358,53319.65,Especialista,Marketing,2019-09-23,Domingo,obra,2019-09-23,2020-11-24
T,EMP2216,Esperanza Vargas Mendoza,1969-05-11,Calle Herrera #658,esperanza.1216@gfs.mx,5519941447,37494.52,Diseñador,Finanzas,2021-11-17,Sábado,temporada,2021-11-17,2023-05-01
T,EMP2217,Gabriela Palacios Díaz,1979-11-01,Calle Díaz #717,gabriela.1217@gfs.mx,5544617672,44093.87,Consultor,Recursos Humanos,2022-01-28,Sábado,obra,2022-01-28,2024-01-12
T,EMP2218,Gabriela López Reyes,1981-08-21,Calle Espinoza #372,gabriela.1218@gfs.mx,5549086658,28399.76,Diseñador,Contabilidad,2017-09-25,Domingo,temporada,2017-09-25,2019-06-17
T,EMP2219,Víctor Castillo Flores,1998-05-13,Calle Palacios #132,víctor.1219@gfs.mx,5529666405,46446.97,Auditor,Marketing,2010-10-09,Sábado,obra,2010-10-09,2011-11-09
T,EMP2220,Ignacio Gutiérrez Flores,1991-03-18,Calle Pérez #266,ignacio.1220@gfs.mx,5558876968,53268.36,Diseñador,Operaciones,2014-02-07,Domingo,interinato,2014-02-07,2015-01-27
T,EMP2221,Claudia Ríos Flores,1991-05-04,Calle Romero #322,claudia.1221@gfs.mx,5580241159,32461.75,Auditor,Finanzas,2019-07-18,Sábado,interinato,2019-07-18,2021-05-21
T,EMP2222,Javier Alvarez Vega,1965-08-22,Calle Lara #970,javier.1222@gfs.mx,5518690946,30542.02,Operador,Producción,2010-01-12,Sábado,temporada,2010-01-12,2010-11-10
T,EMP2223,Ernesto Jiménez Medina,1987-05-18,Calle Muñoz #584,ernesto.1223@gfs.mx,5595716350,64378.12,Auditor,Soporte Técnico,2023-12-21,Sábado,interinato,2023-12-21,2025-01-11
T,EMP2224,Raúl Lara García,1982-11-16,Calle Fuentes #102,raúl.1224@gfs.mx,5554226765,40444.99,Operador,Operaciones,2016-12-29,Sábado,obra,2016-12-29,2018-09-27
T,EMP2225,Yolanda Contreras Cruz,1975-12-24,Calle Mendoza #817,yolanda.1225@gfs.mx,5534519519,51381.94,Desarrollador,Producción,2010-02-14,Domingo,obra,2010-02-14,2010-09-23
T,EMP2226,Berenice Ortiz Campos,1977-06-13,Calle González #761,berenice.1226@gfs.mx,5535503269,54000.24,Representante,Sistemas,2007-12-22,Domingo,obra,2007-12-22,2009-01-17
T,EMP2227,Sofía Cruz Delgado,1999-03-03,Calle Delgado #489,sofía.1227@gfs.mx,5572313438,15896.21,Representante,Recursos Humanos,2012-02-26,Sábado,obra,2012-02-26,2013-12-26
T,EMP2228,Eduardo Díaz González,1986-05-10,Calle Jiménez #103,eduardo.1228@gfs.mx,5582795512,45362.55,Consultor,Finanzas,2011-09-24,Sábado,interinato,2011-09-24,2013-06-05
T,EMP2229,Eduardo Figueroa Díaz,1999-11-15,Calle Ríos #200,eduardo.1229@gfs.mx,5589045858,58345.95,Consultor,Finanzas,2005-01-05,Domingo,temporada,2005-01-05,2006-04-07
T,EMP2230,Gustavo Fuentes Morales,1979-09-29,Calle Romero #495,gustavo.1230@gfs.mx,5579014787,27025.34,Desarrollador,Logística,2010-12-05,Sábado,temporada,2010-12-05,2012-03-10
T,EMP2231,Víctor Campos Romero,1978-11-08,Calle Fuentes #451,víctor.1231@gfs.mx,5524961257,68633.74,Auxiliar,Finanzas,2005-02-23,Domingo,interinato,2005-02-23,2006-12-16
T,EMP2232,Gustavo Rivera Morales,1967-12-11,Calle Soto #443,gustavo.1232@gfs.mx,5550888220,15674.08,Auditor,Finanzas,2012-09-06,Sábado,obra,2012-09-06,2013-06-24
T,EMP2233,Alicia Reyes Vargas,1978-10-13,Calle Romero #313,alicia.1233@gfs.mx,5552951801,55985.23,Asistente,Sistemas,2020-05-11,Domingo,interinato,2020-05-11,2021-06-10
T,EMP2234,Yolanda Mora Flores,1979-07-11,Calle Rivera #197,yolanda.1234@gfs.mx,5563182430,57148.67,Auditor,Contabilidad,2018-09-08,Sábado,temporada,2018-09-08,2020-08-16
T,EMP2235,Esperanza Ríos Mejía,2000-05-19,Calle Rojas #799,esperanza.1235@gfs.mx,5546155999,23723.42,Operador,Finanzas,2024-03-16,Domingo,temporada,2024-03-16,2025-02-07
T,EMP2236,Alejandro Herrera Figueroa,1980-11-16,Calle Cervantes #323,alejandro.1236@gfs.mx,5570358769,28481.01,Consultor,Marketing,2022-02-08,Domingo,obra,2022-02-08,2023-09-24
T,EMP2237,Roberto Rojas Medina,1993-12-20,Calle Torres #999,roberto.1237@gfs.mx,5571322699,56022.92,Analista,Soporte Técnico,2009-07-15,Sábado,interinato,2009-07-15,2010-09-30
T,EMP2238,Gabriela Aguilar López,1979-06-10,Calle Núñez #810,gabriela.1238@gfs.mx,5561325709,29541.11,Gestor,Soporte Técnico,2009-06-22,Sábado,interinato,2009-06-22,2011-05-18
T,EMP2239,Mariana Ortiz Sánchez,1968-05-04,Calle Cruz #165,mariana.1239@gfs.mx,5553685593,53370.95,Diseñador,Ventas,2015-07-17,Sábado,interinato,2015-07-17,2017-02-15
T,EMP2240,Ángela Salinas Ruiz,1976-03-17,Calle Ortiz #622,ángela.1240@gfs.mx,5588666938,32501.14,Técnico,Recursos Humanos,2019-05-07,Domingo,temporada,2019-05-07,2021-05-06
T,EMP2241,Raúl Díaz Castillo,1969-12-25,Calle Alvarez #138,raúl.1241@gfs.mx,5519930603,29472.73,Contador,Soporte Técnico,2014-04-13,Sábado,obra,2014-04-13,2015-08-12
T,EMP2242,Yolanda Jiménez Campos,1968-12-12,Calle Díaz #252,yolanda.1242@gfs.mx,5554002223,44363.99,Contador,Calidad,2010-11-06,Domingo,interinato,2010-11-06,2011-05-27
T,EMP2243,Diana Ibarra Ibarra,1968-01-20,Calle Palacios #729,diana.1243@gfs.mx,5552139163,67432.01,Especialista,Finanzas,2021-10-05,Sábado,obra,2021-10-05,2023-02-25
T,EMP2244,Pablo Reyes Muñoz,1981-04-01,Calle Herrera #204,pablo.1244@gfs.mx,5544765857,25321.47,Diseñador,Recursos Humanos,2008-02-24,Sábado,interinato,2008-02-24,2009-10-16
T,EMP2245,Sergio Chavez Ruiz,2000-10-20,Calle Martínez #852,sergio.1245@gfs.mx,5580920296,13617.18,Gestor,Administración,2005-05-13,Domingo,obra,2005-05-13,2007-04-09
T,EMP2246,Fernanda Guerrero Ruiz,1977-09-05,Calle Espinoza #342,fernanda.1246@gfs.mx,5595144216,14026.57,Técnico,Ventas,2007-01-25,Sábado,interinato,2007-01-25,2008-01-02
T,EMP2247,Adriana González Espinoza,1986-01-06,Calle Santiago #666,adriana.1247@gfs.mx,5535620480,55114.44,Contador,Calidad,2014-09-01,Domingo,temporada,2014-09-01,2016-06-04
T,EMP2248,Gerardo Flores Ríos,1979-10-28,Calle Rodríguez #187,gerardo.1248@gfs.mx,5596951594,44513.43,Asistente,Operaciones,2022-07-09,Domingo,obra,2022-07-09,2024-02-20
T,EMP2249,Yolanda Castillo Pérez,1992-12-23,Calle Vega #20,yolanda.1249@gfs.mx,5511145938,23513.8,Supervisor,Contabilidad,2010-10-22,Sábado,interinato,2010-10-22,2012-03-19
T,EMP2250,Silvia Muñoz Ríos,1994-11-06,Calle Jiménez #789,silvia.1250@gfs.mx,5587099818,65521.39,Representante,Soporte Técnico,2024-06-14,Sábado,obra,2024-06-14,2025-05-11
T,EMP2251,Andrés Gutiérrez Morales,1969-07-12,Calle López #547,andrés.1251@gfs.mx,5590788531,66669.68,Analista,Contabilidad,2017-02-11,Domingo,obra,2017-02-11,2018-07-11
T,EMP2252,Fernanda Reyes Lara,1974-05-15,Calle Jiménez #311,fernanda.1252@gfs.mx,5531916266,35457.02,Operador,Producción,2009-11-15,Domingo,obra,2009-11-15,2010-10-01
T,EMP2253,Mariana Ramírez Vega,1966-02-21,Calle Díaz #889,mariana.1253@gfs.mx,5537995717,32824.99,Asistente,Finanzas,2013-12-15,Sábado,obra,2013-12-15,2015-07-07
T,EMP2254,Ignacio Ramírez González,1972-11-08,Calle Romero #936,ignacio.1254@gfs.mx,5587618586,53471.1,Técnico,Contabilidad,2021-12-21,Sábado,obra,2021-12-21,2023-11-01
T,EMP2255,Gerardo Mejía Medina,1998-08-18,Calle Ramos #426,gerardo.1255@gfs.mx,5535633055,22619.65,Técnico,Operaciones,2013-01-26,Domingo,temporada,2013-01-26,2014-12-27
T,EMP2256,Eduardo Muñoz López,1965-04-29,Calle Vega #823,eduardo.1256@gfs.mx,5566373318,34018.5,Auditor,Sistemas,2012-12-15,Domingo,temporada,2012-12-15,2013-08-18
T,EMP2257,Sergio Ríos Gutiérrez,1975-04-16,Calle Palacios #87,sergio.1257@gfs.mx,5597299591,48614.92,Supervisor,Finanzas,2005-05-10,Domingo,interinato,2005-05-10,2006-10-03
T,EMP2258,Lucía Flores Cruz,1972-12-15,Calle Espinoza #10,lucía.1258@gfs.mx,5527172930,41117.32,Auxiliar,Soporte Técnico,2015-07-16,Sábado,obra,2015-07-16,2016-08-13
T,EMP2259,Gerardo Lara Castillo,1981-09-03,Calle Santiago #425,gerardo.1259@gfs.mx,5531136969,35154.35,Auxiliar,Operaciones,2008-05-25,Sábado,temporada,2008-05-25,2009-03-13
T,EMP2260,Valeria López Ruiz,1974-02-26,Calle Gutiérrez #414,valeria.1260@gfs.mx,5593928021,32391.05,Auditor,Logística,2018-12-13,Domingo,obra,2018-12-13,2019-07-07
T,EMP2261,Jorge López Alvarez,1966-07-15,Calle Cervantes #893,jorge.1261@gfs.mx,5529373095,64814.62,Analista,Operaciones,2013-06-16,Sábado,obra,2013-06-16,2014-03-25
T,EMP2262,Ana Medina Reyes,1969-02-18,Calle Rojas #68,ana.1262@gfs.mx,5525087493,68123.82,Asistente,Marketing,2024-03-15,Domingo,obra,2024-03-15,2024-09-11
T,EMP2263,Alejandro Alvarez Alvarez,1976-07-10,Calle Torres #331,alejandro.1263@gfs.mx,5598097063,42399.17,Consultor,Calidad,2021-01-25,Sábado,temporada,2021-01-25,2022-12-10
T,EMP2264,Gerardo Espinoza Jiménez,1970-08-24,Calle Reyes #528,gerardo.1264@gfs.mx,5527422482,58326.85,Auxiliar,Producción,2019-10-15,Sábado,interinato,2019-10-15,2020-07-18
T,EMP2265,Salvador Chavez Castillo,1992-08-03,Calle Sánchez #256,salvador.1265@gfs.mx,5540363191,25040.24,Diseñador,Calidad,2011-10-03,Domingo,interinato,2011-10-03,2013-07-17
T,EMP2266,Norma Delgado Contreras,1988-03-09,Calle Espinoza #905,norma.1266@gfs.mx,5545799340,55593.62,Auxiliar,Administración,2014-06-20,Domingo,interinato,2014-06-20,2015-05-14
T,EMP2267,Ignacio Cervantes García,1998-07-21,Calle Vega #648,ignacio.1267@gfs.mx,5516444924,57651.69,Auxiliar,Recursos Humanos,2008-03-17,Sábado,obra,2008-03-17,2009-02-25
T,EMP2268,Arturo Ramos Pérez,1990-08-31,Calle Alvarez #496,arturo.1268@gfs.mx,5556157714,21264.9,Auditor,Ventas,2014-02-06,Domingo,obra,2014-02-06,2015-11-12
T,EMP2269,Alfredo Mendoza Guerrero,1984-09-24,Calle Ramírez #763,alfredo.1269@gfs.mx,5547487708,49327.63,Gestor,Administración,2012-07-25,Sábado,temporada,2012-07-25,2014-01-05
T,EMP2270,Gustavo Ibarra Campos,1985-06-21,Calle Lara #99,gustavo.1270@gfs.mx,5599659144,61372.86,Contador,Operaciones,2010-11-24,Sábado,temporada,2010-11-24,2012-08-01
T,EMP2271,Ernesto López Guerrero,1970-08-31,Calle Sánchez #233,ernesto.1271@gfs.mx,5571395676,59804.68,Técnico,Operaciones,2020-12-26,Domingo,obra,2020-12-26,2022-06-14
T,EMP2272,Alejandro Díaz Núñez,1989-10-27,Calle González #990,alejandro.1272@gfs.mx,5577742871,20956.74,Auditor,Operaciones,2009-05-16,Sábado,interinato,2009-05-16,2010-06-27
T,EMP2273,Hugo López Jiménez,1997-11-25,Calle Cervantes #363,hugo.1273@gfs.mx,5580541440,46056.18,Auxiliar,Ventas,2024-04-15,Sábado,interinato,2024-04-15,2025-10-18
T,EMP2274,Silvia Reyes Palacios,1988-10-24,Calle Rivera #384,silvia.1274@gfs.mx,5531307037,16008.28,Auxiliar,Calidad,2019-03-25,Sábado,interinato,2019-03-25,2020-02-23
T,EMP2275,Silvia Santiago Núñez,1974-01-26,Calle Ortiz #51,silvia.1275@gfs.mx,5563804242,27789.79,Representante,Operaciones,2014-06-13,Domingo,temporada,2014-06-13,2015-11-04
T,EMP2276,Diana Figueroa Gutiérrez,1965-01-06,Calle Rodríguez #258,diana.1276@gfs.mx,5584592492,50087.21,Coordinador,Soporte Técnico,2018-10-02,Sábado,obra,2018-10-02,2020-05-24
T,EMP2277,Diana Flores Alvarez,1972-03-10,Calle Soto #996,diana.1277@gfs.mx,5542542841,33474.3,Auxiliar,Calidad,2014-05-26,Domingo,interinato,2014-05-26,2015-06-08
T,EMP2278,Héctor Medina Rodríguez,1975-02-25,Calle Ortiz #144,héctor.1278@gfs.mx,5563880436,17408.29,Diseñador,Ventas,2020-01-30,Sábado,obra,2020-01-30,2021-10-25
T,EMP2279,Fernando Mora Ortiz,1999-02-13,Calle Ramos #12,fernando.1279@gfs.mx,5595464025,17037.52,Operador,Operaciones,2007-04-21,Domingo,obra,2007-04-21,2009-01-08
T,EMP2280,Alejandro Ramírez Guerrero,1998-04-29,Calle Santiago #466,alejandro.1280@gfs.mx,5530626125,14224.16,Contador,Soporte Técnico,2012-08-28,Domingo,obra,2012-08-28,2014-03-21
T,EMP2281,Mónica Ramírez Fuentes,1985-12-05,Calle Núñez #600,mónica.1281@gfs.mx,5532609782,62574.54,Diseñador,Finanzas,2022-01-05,Domingo,obra,2022-01-05,2023-12-21
T,EMP2282,Sandra González Figueroa,1992-01-24,Calle Mejía #886,sandra.1282@gfs.mx,5558660554,24477.56,Auditor,Calidad,2016-02-04,Domingo,temporada,2016-02-04,2016-09-29
T,EMP2283,Liliana Sánchez Ibarra,1977-07-27,Calle Figueroa #751,liliana.1283@gfs.mx,5547026058,64283.88,Desarrollador,Operaciones,2012-05-17,Domingo,interinato,2012-05-17,2013-07-28
T,EMP2284,Claudia González Pérez,1969-07-15,Calle Salinas #826,claudia.1284@gfs.mx,5575169251,24564.65,Asistente,Producción,2018-04-05,Domingo,interinato,2018-04-05,2019-07-01
T,EMP2285,Sandra Ibarra Salinas,1986-11-20,Calle Campos #622,sandra.1285@gfs.mx,5585916242,32549.34,Gestor,Calidad,2013-08-01,Sábado,interinato,2013-08-01,2014-05-18
T,EMP2286,Ignacio Ríos Sánchez,1990-10-28,Calle Sánchez #121,ignacio.1286@gfs.mx,5542026271,31642.05,Desarrollador,Soporte Técnico,2018-07-18,Domingo,temporada,2018-07-18,2019-02-23
T,EMP2287,Claudia Ríos Díaz,1985-09-01,Calle Espinoza #885,claudia.1287@gfs.mx,5580164383,12236.57,Supervisor,Calidad,2021-09-12,Domingo,interinato,2021-09-12,2022-04-06
T,EMP2288,Andrés Espinoza Morales,1966-01-31,Calle Fuentes #969,andrés.1288@gfs.mx,5554152565,15928.25,Representante,Marketing,2022-12-27,Sábado,interinato,2022-12-27,2024-10-04
T,EMP2289,Mónica Medina Mora,1980-06-07,Calle Medina #997,mónica.1289@gfs.mx,5543380094,26597.95,Contador,Recursos Humanos,2012-04-12,Domingo,interinato,2012-04-12,2013-07-05
T,EMP2290,Hugo Rivera Vargas,1990-01-20,Calle Ibarra #885,hugo.1290@gfs.mx,5583454371,48897.21,Diseñador,Marketing,2021-11-24,Domingo,obra,2021-11-24,2023-10-16
T,EMP2291,Miguel Herrera Medina,1992-08-26,Calle Guerrero #758,miguel.1291@gfs.mx,5540544052,28992.05,Operador,Sistemas,2021-03-12,Sábado,interinato,2021-03-12,2022-10-28
T,EMP2292,Fernanda Santiago Ruiz,1993-09-08,Calle Morales #775,fernanda.1292@gfs.mx,5561364639,22128.95,Auditor,Soporte Técnico,2015-11-21,Domingo,temporada,2015-11-21,2017-08-10
T,EMP2293,Raúl Soto Rivera,1972-07-24,Calle Ramos #17,raúl.1293@gfs.mx,5524962673,21387.39,Operador,Operaciones,2020-09-15,Domingo,interinato,2020-09-15,2021-09-12
T,EMP2294,Arturo Santiago Palacios,1968-05-29,Calle Jiménez #96,arturo.1294@gfs.mx,5522152370,52699.93,Representante,Calidad,2014-01-28,Domingo,obra,2014-01-28,2015-07-10
T,EMP2295,Silvia Medina Chavez,1970-12-20,Calle Vega #107,silvia.1295@gfs.mx,5549448235,46805.2,Técnico,Administración,2010-01-16,Domingo,obra,2010-01-16,2011-03-23
T,EMP2296,Daniel Flores Lara,1977-04-13,Calle López #507,daniel.1296@gfs.mx,5540127665,59994.88,Coordinador,Producción,2024-08-18,Sábado,temporada,2024-08-18,2025-09-23
T,EMP2297,Fernando Pérez Castillo,1975-12-07,Calle López #879,fernando.1297@gfs.mx,5592170846,38996.4,Asistente,Marketing,2017-06-24,Sábado,temporada,2017-06-24,2018-06-29
T,EMP2298,Enrique Delgado Chavez,1993-02-19,Calle Espinoza #910,enrique.1298@gfs.mx,5561956191,54807.57,Diseñador,Administración,2023-01-08,Domingo,temporada,2023-01-08,2024-07-20
T,EMP2299,Raúl Cruz Ramos,1989-03-29,Calle Medina #79,raúl.1299@gfs.mx,5528051318,29299.75,Auditor,Soporte Técnico,2010-07-16,Sábado,obra,2010-07-16,2012-06-14
T,EMP2300,Salvador Alvarez Guerrero,1979-01-24,Calle Sánchez #827,salvador.1300@gfs.mx,5591079800,23669.47,Especialista,Soporte Técnico,2020-09-30,Sábado,temporada,2020-09-30,2021-12-29
T,EMP2301,Yolanda Martínez Muñoz,1992-10-04,Calle Díaz #510,yolanda.1301@gfs.mx,5589331123,36171.06,Auxiliar,Recursos Humanos,2017-07-24,Domingo,interinato,2017-07-24,2018-03-19
T,EMP2302,Claudia Alvarez Salinas,1971-08-20,Calle Rodríguez #699,claudia.1302@gfs.mx,5557568410,13924.77,Diseñador,Logística,2017-10-12,Domingo,interinato,2017-10-12,2018-05-08
T,EMP2303,Salvador Mejía Ruiz,1984-04-29,Calle Salinas #783,salvador.1303@gfs.mx,5527898844,69172.4,Coordinador,Calidad,2015-02-21,Domingo,interinato,2015-02-21,2016-06-26
T,EMP2304,Jorge Reyes Espinoza,2000-10-25,Calle Romero #969,jorge.1304@gfs.mx,5564645674,18653.98,Gestor,Calidad,2018-03-01,Domingo,obra,2018-03-01,2018-10-21
T,EMP2305,Salvador Soto Medina,1991-05-09,Calle Ramírez #794,salvador.1305@gfs.mx,5519531256,46831.03,Gestor,Marketing,2021-05-20,Sábado,interinato,2021-05-20,2022-06-03
T,EMP2306,Héctor Mejía Ibarra,1999-01-15,Calle Morales #856,héctor.1306@gfs.mx,5534325365,11769.25,Representante,Finanzas,2021-05-06,Sábado,temporada,2021-05-06,2022-02-01
T,EMP2307,Sandra Chavez Espinoza,1996-06-11,Calle Mora #397,sandra.1307@gfs.mx,5564703681,32877.44,Asistente,Contabilidad,2024-01-02,Domingo,obra,2024-01-02,2024-10-06
T,EMP2308,Alejandro Medina Morales,1996-09-22,Calle Núñez #901,alejandro.1308@gfs.mx,5543824764,39980.91,Auxiliar,Logística,2014-01-02,Sábado,obra,2014-01-02,2015-06-25
T,EMP2309,Ernesto Fuentes González,1980-03-28,Calle Díaz #770,ernesto.1309@gfs.mx,5522620209,41432.04,Analista,Ventas,2006-05-14,Sábado,interinato,2006-05-14,2007-11-27
T,EMP2310,Sandra Rivera Pérez,1988-09-26,Calle Pérez #5,sandra.1310@gfs.mx,5553870361,33085.21,Analista,Ventas,2017-08-21,Domingo,obra,2017-08-21,2018-08-12
T,EMP2311,Karla Fuentes Santiago,1987-05-08,Calle Morales #549,karla.1311@gfs.mx,5539309642,68546.46,Técnico,Calidad,2008-06-21,Domingo,interinato,2008-06-21,2009-06-17
T,EMP2312,Mariana Salinas Ibarra,1972-12-18,Calle Romero #153,mariana.1312@gfs.mx,5569741176,11820.5,Analista,Operaciones,2024-12-03,Sábado,temporada,2024-12-03,2026-03-26
T,EMP2313,Sandra Medina Mora,1973-02-03,Calle Delgado #531,sandra.1313@gfs.mx,5532466075,64013.84,Asistente,Producción,2018-07-15,Sábado,interinato,2018-07-15,2019-12-22
T,EMP2314,Pablo Lara Campos,1982-06-11,Calle Díaz #967,pablo.1314@gfs.mx,5525620477,50122.3,Técnico,Administración,2010-07-11,Domingo,obra,2010-07-11,2011-09-09
T,EMP2315,Gustavo Jiménez Chavez,1966-11-13,Calle Medina #61,gustavo.1315@gfs.mx,5574481336,58654.44,Representante,Calidad,2020-11-14,Sábado,interinato,2020-11-14,2021-08-14
T,EMP2316,Norma Ríos Ramos,1988-08-27,Calle Espinoza #589,norma.1316@gfs.mx,5581393856,41300.37,Contador,Operaciones,2019-06-06,Sábado,temporada,2019-06-06,2020-10-26
T,EMP2317,Diana Díaz Soto,1973-11-19,Calle Castillo #967,diana.1317@gfs.mx,5594065834,35579.15,Supervisor,Marketing,2006-11-06,Domingo,obra,2006-11-06,2008-09-19
T,EMP2318,Sandra Ramos Campos,1986-09-19,Calle Santiago #399,sandra.1318@gfs.mx,5551056878,39856.88,Contador,Logística,2022-04-16,Sábado,interinato,2022-04-16,2022-11-24
T,EMP2319,Karla González Gutiérrez,1991-05-10,Calle Cervantes #922,karla.1319@gfs.mx,5586675220,42567.22,Desarrollador,Administración,2021-07-31,Sábado,interinato,2021-07-31,2022-02-24
T,EMP2320,Roberto Gutiérrez Vega,1973-06-12,Calle Medina #988,roberto.1320@gfs.mx,5582177418,13146.12,Auditor,Calidad,2024-08-06,Domingo,interinato,2024-08-06,2026-07-07
T,EMP2321,Enrique Morales Romero,1981-08-20,Calle Mora #716,enrique.1321@gfs.mx,5516002311,64639.73,Técnico,Finanzas,2009-03-02,Sábado,interinato,2009-03-02,2010-07-22
T,EMP2322,Patricia Salinas Vargas,1987-03-21,Calle Vargas #585,patricia.1322@gfs.mx,5595955870,46781.02,Analista,Marketing,2009-08-15,Sábado,temporada,2009-08-15,2010-02-15
T,EMP2323,Héctor Lara Herrera,1972-12-10,Calle Vega #847,héctor.1323@gfs.mx,5540651547,32307.03,Auditor,Marketing,2006-01-02,Sábado,obra,2006-01-02,2007-03-10
T,EMP2324,Alfredo Lara Mendoza,1983-12-20,Calle Mora #585,alfredo.1324@gfs.mx,5594045854,28584.35,Representante,Calidad,2021-07-10,Domingo,temporada,2021-07-10,2022-01-16
T,EMP2325,Verónica Rojas Vega,1977-06-23,Calle Jiménez #837,verónica.1325@gfs.mx,5575527308,25205.53,Analista,Calidad,2020-07-14,Domingo,obra,2020-07-14,2022-04-14
T,EMP2326,Diana Lara Palacios,1975-01-02,Calle Rodríguez #653,diana.1326@gfs.mx,5525351874,16916.7,Representante,Finanzas,2006-06-29,Sábado,interinato,2006-06-29,2007-11-26
T,EMP2327,Valeria Cervantes Mendoza,1995-07-18,Calle Salinas #953,valeria.1327@gfs.mx,5563446108,27088.41,Operador,Logística,2024-03-10,Domingo,obra,2024-03-10,2025-01-06
T,EMP2328,Arturo Jiménez González,1989-11-20,Calle Ruiz #206,arturo.1328@gfs.mx,5527061090,41093.53,Analista,Finanzas,2015-09-28,Sábado,obra,2015-09-28,2016-11-15
T,EMP2329,Lucía Vega Morales,1968-10-01,Calle Soto #711,lucía.1329@gfs.mx,5519046325,24505.11,Consultor,Administración,2014-10-29,Sábado,temporada,2014-10-29,2015-06-08
T,EMP2330,Norma Romero Ibarra,1973-06-24,Calle Ibarra #216,norma.1330@gfs.mx,5552670676,12625.47,Analista,Contabilidad,2012-08-28,Domingo,obra,2012-08-28,2014-02-17
T,EMP2331,Pablo Jiménez Ríos,1967-07-14,Calle Chavez #390,pablo.1331@gfs.mx,5530548400,66809.28,Gestor,Sistemas,2010-01-20,Sábado,interinato,2010-01-20,2011-02-03
T,EMP2332,Jorge Lara Figueroa,1984-09-08,Calle López #893,jorge.1332@gfs.mx,5569127002,14162.97,Coordinador,Ventas,2016-11-08,Domingo,interinato,2016-11-08,2017-10-18
T,EMP2333,Fernando Campos Ramos,1967-07-19,Calle Ramírez #702,fernando.1333@gfs.mx,5518741781,34595.45,Gestor,Recursos Humanos,2018-11-16,Sábado,interinato,2018-11-16,2020-04-08
T,EMP2334,Raúl García Flores,1969-08-28,Calle Mora #240,raúl.1334@gfs.mx,5510792100,32872.8,Consultor,Recursos Humanos,2023-04-02,Domingo,interinato,2023-04-02,2024-01-29
T,EMP2335,Sofía Soto Fuentes,1966-07-31,Calle Espinoza #559,sofía.1335@gfs.mx,5519921913,11187.6,Auditor,Finanzas,2017-10-26,Domingo,temporada,2017-10-26,2019-05-25
T,EMP2336,Mariana Cervantes Cruz,1995-08-20,Calle Ruiz #628,mariana.1336@gfs.mx,5543560111,30708.78,Desarrollador,Finanzas,2015-10-01,Sábado,temporada,2015-10-01,2017-09-29
T,EMP2337,Raúl Reyes Flores,1977-11-13,Calle Fuentes #749,raúl.1337@gfs.mx,5533401284,67782.38,Supervisor,Logística,2024-10-12,Sábado,temporada,2024-10-12,2025-05-01
T,EMP2338,Sergio Gutiérrez Flores,1966-11-29,Calle Muñoz #421,sergio.1338@gfs.mx,5582678701,61101.02,Supervisor,Contabilidad,2023-11-05,Domingo,obra,2023-11-05,2025-06-22
T,EMP2339,Verónica Rojas Muñoz,1997-11-25,Calle Díaz #455,verónica.1339@gfs.mx,5562135917,37811.03,Especialista,Administración,2019-12-04,Domingo,obra,2019-12-04,2021-11-25
T,EMP2340,Andrés Cruz Vargas,1996-12-19,Calle Jiménez #583,andrés.1340@gfs.mx,5536119029,66880.3,Diseñador,Calidad,2022-08-03,Domingo,temporada,2022-08-03,2024-03-23
T,EMP2341,Raúl Ríos Gutiérrez,1974-07-31,Calle Chavez #145,raúl.1341@gfs.mx,5573113531,16519.01,Desarrollador,Finanzas,2011-09-27,Domingo,obra,2011-09-27,2012-10-15
T,EMP2342,Andrés Herrera Campos,1972-01-12,Calle Lara #394,andrés.1342@gfs.mx,5579457789,35907.03,Asistente,Recursos Humanos,2020-07-25,Sábado,temporada,2020-07-25,2021-07-16
T,EMP2343,Ricardo Cervantes Mora,1990-04-10,Calle Ibarra #160,ricardo.1343@gfs.mx,5596065526,34112.59,Contador,Producción,2008-05-19,Domingo,temporada,2008-05-19,2010-03-09
T,EMP2344,Héctor Cervantes Torres,1999-03-18,Calle Ruiz #324,héctor.1344@gfs.mx,5591920869,65981.21,Consultor,Operaciones,2021-06-29,Sábado,interinato,2021-06-29,2022-04-04
T,EMP2345,Patricia González López,1965-05-23,Calle Martínez #340,patricia.1345@gfs.mx,5522072478,28797.63,Representante,Administración,2009-07-22,Sábado,obra,2009-07-22,2010-11-28
T,EMP2346,Patricia Aguilar Santiago,1979-02-26,Calle Delgado #927,patricia.1346@gfs.mx,5569943922,38505.24,Diseñador,Contabilidad,2011-07-02,Domingo,obra,2011-07-02,2012-06-09
T,EMP2347,Fernando Rivera Rojas,1970-04-25,Calle Guerrero #933,fernando.1347@gfs.mx,5592985330,34580.79,Gestor,Operaciones,2019-02-07,Domingo,interinato,2019-02-07,2020-05-19
T,EMP2348,Ángela Cruz Ramírez,1994-10-12,Calle Flores #932,ángela.1348@gfs.mx,5569713989,15824.14,Analista,Contabilidad,2024-09-28,Domingo,temporada,2024-09-28,2026-04-19
T,EMP2349,Esperanza Rivera Ibarra,1965-11-23,Calle Delgado #705,esperanza.1349@gfs.mx,5558638387,65856.53,Consultor,Ventas,2009-01-29,Domingo,obra,2009-01-29,2010-12-13
T,EMP2350,Norma Espinoza Medina,1980-03-29,Calle González #908,norma.1350@gfs.mx,5559656286,14133.4,Auxiliar,Ventas,2011-09-25,Domingo,obra,2011-09-25,2012-07-14
T,EMP2351,Norma Jiménez Fuentes,1979-05-22,Calle Castillo #729,norma.1351@gfs.mx,5521149828,31282.71,Contador,Finanzas,2005-05-11,Domingo,obra,2005-05-11,2006-11-15
T,EMP2352,Mónica Jiménez Romero,1977-07-28,Calle Contreras #926,mónica.1352@gfs.mx,5513146646,39376.54,Representante,Contabilidad,2006-03-03,Sábado,interinato,2006-03-03,2007-07-09
T,EMP2353,Mónica Díaz Núñez,1980-02-21,Calle García #280,mónica.1353@gfs.mx,5598139894,37485.25,Técnico,Administración,2017-05-14,Sábado,obra,2017-05-14,2017-11-20
T,EMP2354,Gerardo Espinoza López,1978-07-31,Calle Vega #205,gerardo.1354@gfs.mx,5573098568,32801.02,Analista,Soporte Técnico,2020-01-27,Domingo,interinato,2020-01-27,2021-08-13
T,EMP2355,Jorge Aguilar Romero,2000-03-05,Calle Núñez #417,jorge.1355@gfs.mx,5555919735,17940.41,Especialista,Soporte Técnico,2010-11-13,Sábado,temporada,2010-11-13,2012-02-24
T,EMP2356,Ricardo González Díaz,1995-02-19,Calle González #825,ricardo.1356@gfs.mx,5599418882,64800.5,Auditor,Operaciones,2007-07-19,Sábado,obra,2007-07-19,2008-05-03
T,EMP2357,Héctor Rodríguez Morales,1981-10-01,Calle Rodríguez #158,héctor.1357@gfs.mx,5586760300,58087.42,Contador,Sistemas,2024-05-16,Sábado,obra,2024-05-16,2024-11-25
T,EMP2358,Gerardo Herrera Santiago,1968-02-28,Calle Flores #597,gerardo.1358@gfs.mx,5594037259,67938.66,Asistente,Calidad,2024-08-03,Domingo,interinato,2024-08-03,2025-05-18
T,EMP2359,Alfredo Ramírez Martínez,1996-08-02,Calle Torres #205,alfredo.1359@gfs.mx,5520892520,21134.49,Diseñador,Sistemas,2005-02-01,Domingo,interinato,2005-02-01,2006-03-26
T,EMP2360,Andrés Martínez Salinas,1968-07-25,Calle Vega #329,andrés.1360@gfs.mx,5593946711,41760.01,Asistente,Producción,2020-11-19,Domingo,interinato,2020-11-19,2021-11-24
T,EMP2361,Esperanza Castillo Figueroa,1995-05-02,Calle Delgado #886,esperanza.1361@gfs.mx,5518223029,36550.98,Gestor,Recursos Humanos,2006-10-14,Sábado,obra,2006-10-14,2008-01-06
T,EMP2362,Fernando Guerrero Espinoza,1973-06-30,Calle Palacios #127,fernando.1362@gfs.mx,5520170987,21291.91,Auditor,Administración,2021-12-18,Sábado,obra,2021-12-18,2023-07-25
T,EMP2363,Liliana Delgado Castillo,1991-12-26,Calle Rojas #519,liliana.1363@gfs.mx,5595979202,27124.18,Supervisor,Logística,2023-06-30,Domingo,interinato,2023-06-30,2024-08-29
T,EMP2364,Enrique Pérez Ríos,1995-08-30,Calle Mendoza #289,enrique.1364@gfs.mx,5531644510,13879.2,Técnico,Finanzas,2012-09-20,Sábado,interinato,2012-09-20,2014-06-02
T,EMP2365,Miguel Mora Soto,1997-02-14,Calle Díaz #13,miguel.1365@gfs.mx,5521842256,29103.88,Contador,Administración,2020-08-28,Sábado,interinato,2020-08-28,2021-11-19
T,EMP2366,Irene Ramos Díaz,1981-01-24,Calle Cervantes #831,irene.1366@gfs.mx,5574484747,32226.6,Operador,Finanzas,2012-01-12,Sábado,obra,2012-01-12,2012-12-31
T,EMP2367,Lucía Palacios Medina,1983-05-20,Calle Muñoz #902,lucía.1367@gfs.mx,5571960301,29462.07,Contador,Marketing,2015-05-27,Domingo,temporada,2015-05-27,2016-04-27
T,EMP2368,Fernando Cervantes Soto,1982-04-19,Calle Rojas #973,fernando.1368@gfs.mx,5513285625,62401.71,Contador,Administración,2013-07-22,Sábado,temporada,2013-07-22,2015-01-27
T,EMP2369,Ana Núñez Lara,1972-10-01,Calle Flores #608,ana.1369@gfs.mx,5534683931,23019.63,Analista,Marketing,2015-08-05,Sábado,temporada,2015-08-05,2017-01-11
T,EMP2370,Karla López Ruiz,1982-08-06,Calle Rivera #311,karla.1370@gfs.mx,5583729641,26660.18,Coordinador,Finanzas,2018-08-12,Domingo,temporada,2018-08-12,2020-04-28
T,EMP2371,Valeria Ruiz Lara,1967-09-07,Calle Medina #985,valeria.1371@gfs.mx,5524228623,14014.36,Especialista,Soporte Técnico,2015-09-11,Domingo,obra,2015-09-11,2016-11-04
T,EMP2372,Enrique Ruiz Vargas,1983-09-05,Calle Ruiz #14,enrique.1372@gfs.mx,5551340090,47890.52,Especialista,Calidad,2011-12-20,Domingo,interinato,2011-12-20,2012-10-19
T,EMP2373,Berenice Torres Contreras,1977-08-24,Calle Herrera #743,berenice.1373@gfs.mx,5560110818,58427.46,Auditor,Contabilidad,2013-04-16,Domingo,obra,2013-04-16,2013-10-31
T,EMP2374,Mariana Aguilar Rojas,1976-01-16,Calle Vargas #968,mariana.1374@gfs.mx,5553781905,51296.91,Representante,Administración,2019-03-21,Domingo,temporada,2019-03-21,2020-08-30
T,EMP2375,Yolanda Herrera Palacios,1973-09-20,Calle Torres #989,yolanda.1375@gfs.mx,5553195660,56895.71,Consultor,Producción,2020-11-18,Sábado,obra,2020-11-18,2022-09-29
T,EMP2376,Yolanda Alvarez López,1979-01-23,Calle Romero #902,yolanda.1376@gfs.mx,5522828887,33048.6,Auxiliar,Ventas,2012-03-19,Sábado,interinato,2012-03-19,2014-01-30
T,EMP2377,Pablo Mejía Figueroa,1976-12-07,Calle Rodríguez #461,pablo.1377@gfs.mx,5562288069,56645.99,Contador,Logística,2020-12-19,Sábado,temporada,2020-12-19,2021-08-16
T,EMP2378,Esperanza Cruz Reyes,1993-05-26,Calle Pérez #336,esperanza.1378@gfs.mx,5557804163,59490.21,Asistente,Operaciones,2008-04-12,Domingo,temporada,2008-04-12,2010-02-17
T,EMP2379,Fernanda Mejía Guerrero,1973-12-22,Calle Ríos #193,fernanda.1379@gfs.mx,5590206794,46304.88,Operador,Soporte Técnico,2006-05-12,Sábado,interinato,2006-05-12,2008-04-07
T,EMP2380,Gabriela Cruz Vega,1983-12-23,Calle Palacios #839,gabriela.1380@gfs.mx,5511464854,27890.62,Coordinador,Contabilidad,2011-08-23,Sábado,obra,2011-08-23,2013-04-25
T,EMP2381,Miguel Aguilar Muñoz,1999-10-20,Calle Flores #458,miguel.1381@gfs.mx,5594005516,32921.17,Auxiliar,Ventas,2014-12-18,Domingo,obra,2014-12-18,2016-03-22
T,EMP2382,Pablo Ortiz Jiménez,1996-09-06,Calle Mejía #465,pablo.1382@gfs.mx,5548220213,19774.07,Auxiliar,Administración,2005-05-19,Sábado,obra,2005-05-19,2006-10-15
T,EMP2383,Daniel Alvarez Aguilar,1971-05-12,Calle Ramos #852,daniel.1383@gfs.mx,5560335546,43007.63,Desarrollador,Marketing,2019-07-01,Domingo,temporada,2019-07-01,2020-06-27
T,EMP2384,Fernanda Santiago Soto,1966-07-20,Calle Ríos #290,fernanda.1384@gfs.mx,5553488444,43937.01,Consultor,Recursos Humanos,2024-10-23,Sábado,interinato,2024-10-23,2025-09-03
T,EMP2385,Gustavo Rodríguez Rodríguez,1971-04-12,Calle Flores #105,gustavo.1385@gfs.mx,5580166422,19802.9,Diseñador,Producción,2007-01-23,Domingo,temporada,2007-01-23,2008-07-02
T,EMP2386,Miguel Rojas Herrera,1998-09-06,Calle Rodríguez #505,miguel.1386@gfs.mx,5563762236,42706.68,Gestor,Marketing,2019-05-25,Domingo,interinato,2019-05-25,2020-04-27
T,EMP2387,Daniel González Vargas,1985-02-13,Calle Rivera #119,daniel.1387@gfs.mx,5544997902,23643.77,Analista,Calidad,2020-05-01,Sábado,obra,2020-05-01,2021-06-15
T,EMP2388,Esperanza García García,1974-10-29,Calle Soto #239,esperanza.1388@gfs.mx,5530485751,67265.26,Auxiliar,Operaciones,2012-03-02,Domingo,temporada,2012-03-02,2013-10-08
T,EMP2389,Carlos Romero Soto,1977-12-29,Calle Ruiz #25,carlos.1389@gfs.mx,5599877837,52884.53,Supervisor,Operaciones,2006-07-11,Sábado,obra,2006-07-11,2007-02-12
T,EMP2390,Andrés Reyes Delgado,1987-01-18,Calle Pérez #358,andrés.1390@gfs.mx,5520821631,44894.99,Especialista,Operaciones,2023-08-06,Sábado,temporada,2023-08-06,2024-09-06
T,EMP2391,Fernando Guerrero Pérez,1993-02-26,Calle Cervantes #638,fernando.1391@gfs.mx,5547771170,25938.8,Especialista,Operaciones,2013-09-17,Sábado,obra,2013-09-17,2014-12-03
T,EMP2392,Jorge Jiménez Ramos,1976-09-05,Calle Chavez #123,jorge.1392@gfs.mx,5597303617,27122.9,Analista,Finanzas,2018-07-14,Domingo,obra,2018-07-14,2019-07-18
T,EMP2393,Eduardo García Vega,1969-10-15,Calle Cervantes #956,eduardo.1393@gfs.mx,5537592908,22008.56,Consultor,Soporte Técnico,2021-10-05,Domingo,interinato,2021-10-05,2022-11-08
T,EMP2394,Ignacio Gutiérrez Aguilar,1985-10-21,Calle Martínez #664,ignacio.1394@gfs.mx,5594036086,23788.6,Representante,Logística,2009-11-12,Sábado,temporada,2009-11-12,2010-05-23
T,EMP2395,Andrés Morales Herrera,1974-04-04,Calle Ruiz #970,andrés.1395@gfs.mx,5562153213,53198.16,Asistente,Marketing,2018-07-02,Sábado,temporada,2018-07-02,2020-05-03
T,EMP2396,Daniel Mejía Castillo,2000-08-30,Calle Lara #878,daniel.1396@gfs.mx,5543355581,14660.45,Técnico,Recursos Humanos,2024-02-16,Sábado,interinato,2024-02-16,2024-10-04
T,EMP2397,Ana Ortiz Pérez,1978-08-12,Calle Díaz #391,ana.1397@gfs.mx,5586250555,67672.5,Técnico,Recursos Humanos,2013-04-04,Sábado,interinato,2013-04-04,2014-04-14
T,EMP2398,Sergio Cervantes Aguilar,1968-05-31,Calle Ortiz #428,sergio.1398@gfs.mx,5597728193,11343.67,Contador,Recursos Humanos,2007-09-11,Domingo,obra,2007-09-11,2008-12-03
T,EMP2399,Pablo Vargas Ramírez,1993-07-24,Calle Cervantes #976,pablo.1399@gfs.mx,5514075870,62817.43,Representante,Finanzas,2008-12-01,Sábado,obra,2008-12-01,2009-08-26
T,EMP2400,Irene Cruz Muñoz,1991-01-04,Calle Palacios #571,irene.1400@gfs.mx,5546659499,26204.01,Diseñador,Ventas,2015-10-05,Sábado,interinato,2015-10-05,2016-09-05
T,EMP2401,Andrés Rodríguez Chavez,1995-06-01,Calle Vega #31,andrés.1401@gfs.mx,5514987687,39845.41,Auditor,Finanzas,2014-04-02,Sábado,obra,2014-04-02,2014-11-13
T,EMP2402,Norma Rodríguez Ibarra,1977-08-07,Calle Salinas #289,norma.1402@gfs.mx,5574313267,22161.92,Operador,Recursos Humanos,2020-01-21,Domingo,obra,2020-01-21,2021-03-16
T,EMP2403,Ángela Díaz Pérez,1994-03-02,Calle García #895,ángela.1403@gfs.mx,5585593030,60123.55,Supervisor,Operaciones,2020-10-07,Domingo,obra,2020-10-07,2021-05-23
T,EMP2404,Gabriela Aguilar González,1991-10-30,Calle Aguilar #468,gabriela.1404@gfs.mx,5573414545,42675.44,Especialista,Calidad,2013-04-30,Sábado,temporada,2013-04-30,2014-10-17
T,EMP2405,Verónica Morales Delgado,1983-01-09,Calle Aguilar #479,verónica.1405@gfs.mx,5556632220,56038.8,Auxiliar,Calidad,2021-11-10,Domingo,interinato,2021-11-10,2023-06-30
T,EMP2406,Raúl Núñez González,1992-01-05,Calle Mendoza #907,raúl.1406@gfs.mx,5528473928,29968.24,Especialista,Calidad,2015-06-20,Domingo,interinato,2015-06-20,2016-06-02
T,EMP2407,Lucía Herrera Romero,1993-01-15,Calle Flores #614,lucía.1407@gfs.mx,5555855470,42412.66,Auditor,Soporte Técnico,2008-07-30,Sábado,obra,2008-07-30,2010-03-07
T,EMP2408,Miguel Rojas Ramírez,1987-06-29,Calle Guerrero #43,miguel.1408@gfs.mx,5579735350,16228.92,Analista,Logística,2017-05-07,Sábado,interinato,2017-05-07,2018-06-23
T,EMP2409,Víctor Salinas Herrera,1986-12-11,Calle Ramírez #334,víctor.1409@gfs.mx,5560106447,42907.04,Supervisor,Operaciones,2019-09-26,Domingo,obra,2019-09-26,2021-03-18
T,EMP2410,Gerardo Rojas Palacios,1998-09-18,Calle Sánchez #232,gerardo.1410@gfs.mx,5595962340,48634.14,Auxiliar,Soporte Técnico,2021-11-24,Sábado,interinato,2021-11-24,2022-05-23
T,EMP2411,Adriana Sánchez Ruiz,1971-06-24,Calle Rodríguez #712,adriana.1411@gfs.mx,5551145240,24510.0,Supervisor,Logística,2023-07-06,Sábado,interinato,2023-07-06,2024-04-09
T,EMP2412,Karla López López,1966-05-25,Calle Castillo #124,karla.1412@gfs.mx,5537794800,21142.85,Contador,Calidad,2006-08-08,Sábado,temporada,2006-08-08,2008-05-12
T,EMP2413,Eduardo Núñez Medina,1994-09-05,Calle Chavez #11,eduardo.1413@gfs.mx,5590203261,28012.93,Supervisor,Administración,2009-09-04,Domingo,temporada,2009-09-04,2011-07-05
T,EMP2414,Liliana Santiago Delgado,1966-11-18,Calle Mora #504,liliana.1414@gfs.mx,5514230279,39999.69,Especialista,Recursos Humanos,2010-09-27,Domingo,temporada,2010-09-27,2011-07-04
T,EMP2415,Sergio Palacios Delgado,1992-10-27,Calle Medina #972,sergio.1415@gfs.mx,5575808087,69678.3,Supervisor,Recursos Humanos,2015-12-08,Sábado,temporada,2015-12-08,2017-02-18
T,EMP2416,Silvia González González,1976-01-04,Calle Figueroa #851,silvia.1416@gfs.mx,5594731492,65338.65,Asistente,Marketing,2021-10-20,Domingo,obra,2021-10-20,2023-08-11
T,EMP2417,Lucía Ramos Gutiérrez,1989-10-16,Calle Ibarra #721,lucía.1417@gfs.mx,5570558903,22993.32,Supervisor,Sistemas,2005-03-26,Sábado,interinato,2005-03-26,2005-10-20
T,EMP2418,Adriana Díaz Rodríguez,1987-07-10,Calle Morales #475,adriana.1418@gfs.mx,5546875132,51827.86,Supervisor,Operaciones,2019-08-31,Sábado,temporada,2019-08-31,2020-06-26
T,EMP2419,Ángela Contreras Ruiz,1972-10-20,Calle Díaz #301,ángela.1419@gfs.mx,5531843423,12388.99,Consultor,Administración,2014-07-28,Sábado,interinato,2014-07-28,2015-07-01
T,EMP2420,Patricia Jiménez Alvarez,1986-10-24,Calle Cruz #6,patricia.1420@gfs.mx,5561983019,56544.41,Contador,Calidad,2008-12-17,Domingo,obra,2008-12-17,2010-04-20
T,EMP2421,Javier Reyes Herrera,1995-08-22,Calle Delgado #866,javier.1421@gfs.mx,5576216456,23723.95,Asistente,Soporte Técnico,2007-08-10,Sábado,obra,2007-08-10,2008-06-27
T,EMP2422,Diana Cervantes Mejía,1990-03-31,Calle López #449,diana.1422@gfs.mx,5576591543,32000.54,Diseñador,Marketing,2005-06-18,Domingo,interinato,2005-06-18,2006-04-02
T,EMP2423,Verónica Alvarez García,1977-07-06,Calle Núñez #571,verónica.1423@gfs.mx,5566674138,14016.31,Técnico,Logística,2024-09-08,Domingo,temporada,2024-09-08,2026-04-21
T,EMP2424,Adriana Cruz Torres,1970-06-06,Calle López #166,adriana.1424@gfs.mx,5521593395,44225.24,Desarrollador,Producción,2015-01-03,Domingo,interinato,2015-01-03,2016-03-27
T,EMP2425,Esperanza Rodríguez Lara,1973-04-28,Calle Delgado #424,esperanza.1425@gfs.mx,5525549100,43579.99,Coordinador,Producción,2008-04-22,Domingo,obra,2008-04-22,2009-11-23
T,EMP2426,Ana Aguilar Martínez,1987-11-21,Calle Pérez #116,ana.1426@gfs.mx,5580405670,49954.67,Consultor,Operaciones,2005-03-14,Domingo,obra,2005-03-14,2006-08-03
T,EMP2427,Héctor Alvarez Vargas,1973-06-19,Calle Lara #487,héctor.1427@gfs.mx,5574193042,38724.06,Técnico,Contabilidad,2013-09-13,Sábado,obra,2013-09-13,2014-07-20
T,EMP2428,Adriana Flores Soto,1968-01-20,Calle Alvarez #526,adriana.1428@gfs.mx,5519742877,43969.44,Coordinador,Calidad,2021-11-24,Domingo,interinato,2021-11-24,2023-05-28
T,EMP2429,Sofía Mendoza Rojas,1967-09-05,Calle Soto #443,sofía.1429@gfs.mx,5515759135,62240.12,Contador,Marketing,2005-08-15,Sábado,interinato,2005-08-15,2007-02-28
T,EMP2430,Arturo Díaz Mejía,1975-01-30,Calle Cervantes #930,arturo.1430@gfs.mx,5527089453,38761.95,Contador,Operaciones,2024-12-07,Domingo,interinato,2024-12-07,2025-11-13
T,EMP2431,Héctor Mejía Contreras,1977-11-26,Calle Ruiz #792,héctor.1431@gfs.mx,5520073766,35964.49,Analista,Marketing,2006-06-28,Sábado,interinato,2006-06-28,2007-05-23
T,EMP2432,Hugo Ríos García,1981-07-30,Calle Ortiz #403,hugo.1432@gfs.mx,5547692831,37870.43,Contador,Administración,2011-10-23,Domingo,temporada,2011-10-23,2013-08-14
T,EMP2433,Adriana Ruiz Vega,1998-12-23,Calle Palacios #604,adriana.1433@gfs.mx,5585187117,65407.24,Consultor,Ventas,2019-10-29,Sábado,temporada,2019-10-29,2021-04-06
T,EMP2434,Miguel Palacios Ruiz,1980-05-12,Calle Guerrero #530,miguel.1434@gfs.mx,5592727332,47881.95,Operador,Calidad,2011-01-07,Domingo,temporada,2011-01-07,2012-12-12
T,EMP2435,Sofía Ramos Ramos,1975-09-28,Calle Espinoza #196,sofía.1435@gfs.mx,5556776651,68340.44,Coordinador,Administración,2016-08-11,Domingo,temporada,2016-08-11,2017-11-04
T,EMP2436,Berenice Núñez Lara,1994-07-26,Calle Jiménez #787,berenice.1436@gfs.mx,5592282678,63433.02,Auxiliar,Soporte Técnico,2011-08-14,Sábado,interinato,2011-08-14,2013-02-14
T,EMP2437,Salvador Guerrero Campos,1979-05-29,Calle Vargas #818,salvador.1437@gfs.mx,5572101258,44904.94,Auxiliar,Sistemas,2021-04-02,Domingo,interinato,2021-04-02,2022-06-08
T,EMP2438,Andrés Mejía Fuentes,1980-02-19,Calle Morales #909,andrés.1438@gfs.mx,5596902936,58574.65,Especialista,Producción,2013-10-14,Domingo,interinato,2013-10-14,2015-01-14
T,EMP2439,Yolanda Muñoz Guerrero,1980-04-25,Calle Flores #261,yolanda.1439@gfs.mx,5591333763,14323.01,Técnico,Marketing,2023-03-29,Domingo,obra,2023-03-29,2023-12-02
T,EMP2440,Karla Mendoza Ruiz,1985-05-26,Calle Campos #598,karla.1440@gfs.mx,5547190613,40667.1,Supervisor,Producción,2010-12-17,Sábado,temporada,2010-12-17,2012-10-28
T,EMP2441,Berenice Sánchez Alvarez,1984-08-11,Calle Vega #321,berenice.1441@gfs.mx,5526031606,18383.64,Técnico,Administración,2022-01-18,Sábado,obra,2022-01-18,2022-09-26
T,EMP2442,Ricardo Sánchez Campos,1989-01-04,Calle Ortiz #131,ricardo.1442@gfs.mx,5522870221,65544.87,Desarrollador,Marketing,2009-08-06,Sábado,interinato,2009-08-06,2010-04-04
T,EMP2443,Ana Ramírez Herrera,1993-01-03,Calle Figueroa #284,ana.1443@gfs.mx,5548143081,35788.16,Coordinador,Producción,2018-11-14,Domingo,interinato,2018-11-14,2020-05-09
T,EMP2444,Héctor Flores López,1989-11-02,Calle Delgado #325,héctor.1444@gfs.mx,5539510761,20310.54,Auditor,Marketing,2009-07-23,Sábado,obra,2009-07-23,2010-04-22
T,EMP2445,Yolanda Cervantes Santiago,1977-02-06,Calle Ruiz #128,yolanda.1445@gfs.mx,5522842443,24771.58,Supervisor,Producción,2010-06-06,Domingo,interinato,2010-06-06,2011-05-21
T,EMP2446,Javier Reyes Ortiz,1969-10-26,Calle Pérez #245,javier.1446@gfs.mx,5551405395,36111.6,Auditor,Ventas,2024-01-21,Domingo,temporada,2024-01-21,2025-02-22
T,EMP2447,Sofía Sánchez González,1983-04-30,Calle Salinas #455,sofía.1447@gfs.mx,5569395043,19023.13,Representante,Marketing,2024-01-30,Domingo,obra,2024-01-30,2025-05-02
T,EMP2448,Andrés Mora Ruiz,1984-08-03,Calle Contreras #351,andrés.1448@gfs.mx,5553228848,11242.95,Gestor,Ventas,2013-09-13,Domingo,interinato,2013-09-13,2014-10-08
T,EMP2449,Raúl Flores Salinas,1968-06-21,Calle Mejía #858,raúl.1449@gfs.mx,5560689240,20102.9,Supervisor,Producción,2009-11-21,Domingo,temporada,2009-11-21,2011-07-08
T,EMP2450,Ricardo Cruz Salinas,1978-01-15,Calle Reyes #389,ricardo.1450@gfs.mx,5590589106,62663.83,Analista,Calidad,2017-08-20,Sábado,interinato,2017-08-20,2018-04-23
T,EMP2451,Mariana Salinas López,1982-06-12,Calle Espinoza #354,mariana.1451@gfs.mx,5558254034,32858.26,Asistente,Marketing,2021-03-30,Domingo,temporada,2021-03-30,2021-12-26
T,EMP2452,Sergio Mendoza Medina,1975-04-03,Calle Ortiz #376,sergio.1452@gfs.mx,5544877696,38711.85,Auxiliar,Producción,2024-02-24,Sábado,obra,2024-02-24,2025-09-16
T,EMP2453,Raúl Martínez Soto,1975-04-04,Calle González #725,raúl.1453@gfs.mx,5531307557,15542.61,Diseñador,Operaciones,2006-02-15,Domingo,obra,2006-02-15,2008-02-02
T,EMP2454,Mónica Díaz Flores,1978-02-25,Calle Flores #880,mónica.1454@gfs.mx,5568504671,26710.81,Representante,Contabilidad,2010-02-20,Domingo,temporada,2010-02-20,2011-02-05
T,EMP2455,Enrique Rodríguez Reyes,1969-02-20,Calle Santiago #54,enrique.1455@gfs.mx,5586854285,49277.31,Contador,Soporte Técnico,2008-12-12,Domingo,interinato,2008-12-12,2010-10-04
T,EMP2456,Sergio Rivera Cruz,1965-10-09,Calle Jiménez #618,sergio.1456@gfs.mx,5520341136,14042.93,Técnico,Logística,2023-05-02,Sábado,interinato,2023-05-02,2024-03-04
T,EMP2457,Hugo Muñoz Campos,1999-02-17,Calle Aguilar #741,hugo.1457@gfs.mx,5534014770,19163.12,Representante,Contabilidad,2010-07-06,Sábado,temporada,2010-07-06,2011-06-26
T,EMP2458,Hugo Ortiz Romero,1965-12-06,Calle Romero #517,hugo.1458@gfs.mx,5517630287,33628.34,Auxiliar,Recursos Humanos,2015-07-10,Sábado,obra,2015-07-10,2016-09-09
T,EMP2459,Berenice Aguilar Espinoza,2000-02-18,Calle Ortiz #474,berenice.1459@gfs.mx,5542989230,37296.65,Diseñador,Sistemas,2021-01-01,Sábado,obra,2021-01-01,2021-08-12
T,EMP2460,Patricia Vega Torres,1965-01-10,Calle Castillo #472,patricia.1460@gfs.mx,5580986823,57930.28,Desarrollador,Marketing,2017-05-06,Domingo,interinato,2017-05-06,2019-02-22
T,EMP2461,Ernesto Contreras Medina,2000-04-11,Calle Mejía #592,ernesto.1461@gfs.mx,5564384837,55097.88,Gestor,Marketing,2008-09-29,Domingo,obra,2008-09-29,2009-05-04
T,EMP2462,Andrés Rodríguez Mejía,1981-06-27,Calle Gutiérrez #119,andrés.1462@gfs.mx,5591120624,64249.91,Supervisor,Marketing,2011-09-20,Domingo,obra,2011-09-20,2013-02-03
T,EMP2463,Gustavo Jiménez Soto,1965-09-20,Calle Vargas #446,gustavo.1463@gfs.mx,5595691801,55020.85,Asistente,Ventas,2022-09-24,Sábado,interinato,2022-09-24,2024-01-26
T,EMP2464,Arturo Cruz Flores,1965-09-26,Calle Reyes #926,arturo.1464@gfs.mx,5568925077,25175.2,Supervisor,Finanzas,2020-12-27,Domingo,temporada,2020-12-27,2022-01-20
T,EMP2465,Pablo Torres Rojas,1967-04-22,Calle Cruz #971,pablo.1465@gfs.mx,5529533708,63822.33,Representante,Sistemas,2011-08-18,Domingo,obra,2011-08-18,2013-02-06
T,EMP2466,Pablo Vega Ríos,1984-06-10,Calle Rodríguez #613,pablo.1466@gfs.mx,5549453440,31286.46,Gestor,Operaciones,2015-09-14,Sábado,temporada,2015-09-14,2016-05-20
T,EMP2467,Claudia Herrera Jiménez,1978-12-03,Calle Romero #170,claudia.1467@gfs.mx,5511483935,69525.97,Auxiliar,Soporte Técnico,2020-12-13,Domingo,obra,2020-12-13,2021-07-06
T,EMP2468,Adriana Vargas Fuentes,1988-05-17,Calle Aguilar #25,adriana.1468@gfs.mx,5570177680,34204.72,Contador,Ventas,2015-04-29,Domingo,interinato,2015-04-29,2016-09-24
T,EMP2469,Gabriela Aguilar Martínez,2000-12-10,Calle Contreras #600,gabriela.1469@gfs.mx,5526548749,63011.98,Contador,Finanzas,2014-09-21,Sábado,interinato,2014-09-21,2016-08-19
T,EMP2470,Patricia Flores Vega,1979-10-24,Calle Lara #732,patricia.1470@gfs.mx,5569037205,53886.99,Desarrollador,Logística,2008-03-25,Sábado,obra,2008-03-25,2008-12-25
T,EMP2471,Alfredo Vega Ortiz,1982-09-10,Calle Reyes #43,alfredo.1471@gfs.mx,5515907381,28174.62,Auxiliar,Producción,2014-05-21,Sábado,temporada,2014-05-21,2015-04-21
T,EMP2472,Sergio Campos Espinoza,1976-06-12,Calle Vargas #1,sergio.1472@gfs.mx,5518889007,19803.49,Analista,Logística,2021-04-24,Domingo,obra,2021-04-24,2022-06-02
T,EMP2473,Pablo Rivera Mora,1987-02-20,Calle Ramírez #82,pablo.1473@gfs.mx,5599847647,37576.38,Representante,Administración,2018-11-01,Domingo,temporada,2018-11-01,2020-01-19
T,EMP2474,Yolanda Campos Campos,1998-04-16,Calle Herrera #647,yolanda.1474@gfs.mx,5599246937,29591.98,Auxiliar,Calidad,2020-04-18,Domingo,interinato,2020-04-18,2021-06-23
T,EMP2475,Sofía López Núñez,1986-09-07,Calle Ortiz #337,sofía.1475@gfs.mx,5578294681,28034.14,Diseñador,Marketing,2006-02-25,Domingo,temporada,2006-02-25,2006-12-11
T,EMP2476,Fernando Campos Reyes,2000-02-23,Calle Reyes #902,fernando.1476@gfs.mx,5543385051,37860.85,Auxiliar,Sistemas,2020-08-22,Domingo,temporada,2020-08-22,2022-04-03
T,EMP2477,Verónica Espinoza Herrera,1978-06-02,Calle González #249,verónica.1477@gfs.mx,5531803062,47383.49,Representante,Calidad,2006-06-28,Domingo,obra,2006-06-28,2008-03-15
T,EMP2478,Arturo Núñez Flores,1983-08-01,Calle Alvarez #32,arturo.1478@gfs.mx,5554799978,66255.64,Técnico,Logística,2010-04-15,Domingo,temporada,2010-04-15,2011-11-21
T,EMP2479,Ignacio Vargas Chavez,1984-04-17,Calle Cruz #294,ignacio.1479@gfs.mx,5542646566,46634.36,Auxiliar,Administración,2008-07-28,Domingo,interinato,2008-07-28,2010-02-13
T,EMP2480,Miguel Sánchez González,1968-09-10,Calle Cervantes #9,miguel.1480@gfs.mx,5530138866,42422.23,Asistente,Sistemas,2022-10-20,Sábado,obra,2022-10-20,2023-04-20
T,EMP2481,Esperanza Morales García,1970-12-27,Calle Castillo #864,esperanza.1481@gfs.mx,5559226631,50724.38,Representante,Soporte Técnico,2013-01-05,Sábado,obra,2013-01-05,2013-12-20
T,EMP2482,Alejandro Herrera Sánchez,1966-10-01,Calle Delgado #85,alejandro.1482@gfs.mx,5515303441,46861.8,Auditor,Producción,2022-09-16,Sábado,temporada,2022-09-16,2024-07-29
T,EMP2483,Sandra Ortiz Delgado,1978-01-27,Calle Santiago #857,sandra.1483@gfs.mx,5580610268,14301.0,Consultor,Logística,2008-02-10,Sábado,temporada,2008-02-10,2009-05-01
T,EMP2484,Valeria Ríos Ibarra,1996-05-25,Calle Romero #99,valeria.1484@gfs.mx,5576627763,46389.02,Diseñador,Logística,2005-09-20,Domingo,temporada,2005-09-20,2006-09-01
T,EMP2485,Ángela Alvarez Díaz,1981-02-03,Calle Romero #314,ángela.1485@gfs.mx,5549413474,49209.36,Auditor,Marketing,2014-05-18,Sábado,temporada,2014-05-18,2015-10-14
T,EMP2486,Andrés Cruz Muñoz,1971-09-03,Calle Salinas #159,andrés.1486@gfs.mx,5514938897,14767.19,Consultor,Sistemas,2008-04-24,Sábado,temporada,2008-04-24,2009-02-27
T,EMP2487,Fernando Figueroa Rodríguez,1977-09-03,Calle Ibarra #341,fernando.1487@gfs.mx,5552943014,44756.22,Diseñador,Finanzas,2014-10-07,Domingo,obra,2014-10-07,2016-02-08
T,EMP2488,Salvador Vargas Alvarez,1994-06-08,Calle García #373,salvador.1488@gfs.mx,5531009229,33447.66,Especialista,Sistemas,2006-02-05,Sábado,temporada,2006-02-05,2007-09-06
T,EMP2489,Javier Ruiz Muñoz,1994-07-14,Calle Chavez #803,javier.1489@gfs.mx,5553430116,36976.73,Auditor,Administración,2021-09-19,Domingo,interinato,2021-09-19,2023-02-03
T,EMP2490,Alicia Espinoza Palacios,1973-04-03,Calle Pérez #891,alicia.1490@gfs.mx,5532035748,67257.37,Supervisor,Sistemas,2015-12-03,Domingo,obra,2015-12-03,2016-07-13
T,EMP2491,Diana Cruz Romero,1992-02-03,Calle Ruiz #981,diana.1491@gfs.mx,5547294047,64438.41,Diseñador,Contabilidad,2014-05-17,Sábado,obra,2014-05-17,2015-11-17
T,EMP2492,Salvador Herrera Santiago,1981-09-25,Calle Herrera #3,salvador.1492@gfs.mx,5524038805,38967.9,Auditor,Operaciones,2009-07-11,Sábado,obra,2009-07-11,2010-12-13
T,EMP2493,Víctor Lara Cervantes,1998-05-18,Calle Romero #281,víctor.1493@gfs.mx,5581252044,33441.41,Gestor,Ventas,2018-09-27,Sábado,temporada,2018-09-27,2019-05-05
T,EMP2494,Pablo Figueroa Delgado,1989-07-18,Calle Castillo #552,pablo.1494@gfs.mx,5571261852,12670.82,Especialista,Recursos Humanos,2014-02-19,Sábado,temporada,2014-02-19,2015-10-19
T,EMP2495,Pablo Mejía Espinoza,1975-05-12,Calle Ramos #855,pablo.1495@gfs.mx,5589308405,23373.97,Operador,Logística,2024-12-30,Sábado,obra,2024-12-30,2026-03-15
T,EMP2496,Arturo Mendoza Pérez,1988-10-22,Calle Reyes #42,arturo.1496@gfs.mx,5539769617,67120.52,Asistente,Producción,2013-11-27,Sábado,temporada,2013-11-27,2014-07-13
T,EMP2497,Patricia Ortiz Guerrero,1989-07-08,Calle Rojas #17,patricia.1497@gfs.mx,5577343991,62112.76,Diseñador,Calidad,2022-09-04,Domingo,interinato,2022-09-04,2023-04-24
T,EMP2498,Gustavo Delgado Vargas,1988-12-16,Calle Lara #566,gustavo.1498@gfs.mx,5548595265,56780.49,Auditor,Producción,2013-09-22,Domingo,obra,2013-09-22,2014-10-12
T,EMP2499,Ana Mora Núñez,1968-07-29,Calle Herrera #663,ana.1499@gfs.mx,5542963378,66794.71,Analista,Sistemas,2007-11-30,Domingo,obra,2007-11-30,2009-03-23
T,EMP2500,Norma Mendoza Rojas,1972-04-05,Calle Núñez #209,norma.1500@gfs.mx,5531999265,31685.78,Contador,Logística,2011-12-11,Sábado,obra,2011-12-11,2012-11-14
